user_id,skills,interests,preferred_event_type,preferred_mode
U001,"Linux, Embedded Systems, Digital Electronics, ESP32","Internet of Things, Electronics, Ethical Hacking, Embedded Systems","Conference, Workshop",Both
U002,"Machine Learning, Python, Data Analytics, SQL","Artificial Intelligence, Data Science, Generative AI","Tech Talk, Hackathon",Offline
U003,"Communication, Animation, UI/UX Design, Graphic Design","UI/UX, Animation, Graphic Design",Conference,Online
U004,"Software Development, HTML/CSS, Frontend Development, Backend Development, Node.js","App Development, Backend Development, Software Engineering","Bootcamp, Project Exhibition",Online
U005,"Software Development, Frontend Development, Node.js, Web Development, App Development","Software Engineering, Frontend Development, Open Source, Web Development","Workshop, Project Exhibition",Online
U006,"Computer Vision, Ethical Hacking, Deep Learning, Problem Solving, Natural Language Processing","Network Security, Data Analytics, Computer Vision",Competition,Both
U007,"SQL, Backend Development, Software Development","Open Source, Software Engineering, App Development",Hackathon,Both
U008,"Video Editing, Graphic Design, Communication, UI/UX Design","Animation, UI/UX, 3D Design",Bootcamp,Both
U009,"Teamwork, Product Management, Entrepreneurship, Problem Solving, Digital Marketing, Business Strategy","Startups, Product Management, Entrepreneurship","Conference, Seminar",Online
U010,"Generative AI, SQL, Data Science, Linux, Problem Solving, Data Analytics","Computer Vision, Machine Learning, Artificial Intelligence, Network Security, Digital Forensics",Tech Talk,Online
U011,"JavaScript, Backend Development, React","Open Source, Backend Development, App Development, Web Development",Project Exhibition,Both
U012,"Backend Development, Data Science, Web Development, App Development, SQL","Open Source, Web Development, App Development, Computer Vision","Hackathon, Competition",Online
U013,"Animation, Digital Electronics, 3D Design, AWS","Cloud Architecture, Microcontrollers, DevOps, Graphic Design, Animation",Conference,Both
U014,"Video Editing, Communication, 3D Design, CAD","Product Design, Graphic Design, 3D Design, UI/UX",Project Exhibition,Both
U015,"React, SQL, JavaScript, Web Development","Software Engineering, Frontend Development, App Development, Web Development",Workshop,Offline
U016,"UI/UX Design, Communication, 3D Design","UI/UX, Product Design, Graphic Design, Animation","Project Exhibition, Workshop",Both
U017,"Project Management, Marketing, Business Strategy, Entrepreneurship","Innovation, Startups, Entrepreneurship",Seminar,Online
U018,"3D Design, Data Analytics, Video Editing, Digital Electronics, Problem Solving, PCB Design, Technical Writing","UI/UX, Data Analytics, 3D Design, NLP, Embedded Systems, Internet of Things","Project Exhibition, Conference",Both
U019,"Azure, Docker, AWS, DevOps","Cloud Computing, Software Engineering, Cloud Architecture, DevOps",Tech Talk,Both
U020,"Kubernetes, AWS, Software Development, Linux, DevOps","Software Engineering, Cloud Architecture, Cloud Computing","Webinar, Workshop",Offline
U021,"UI/UX Design, Animation, Graphic Design, CAD, Communication","Animation, 3D Design, Graphic Design, UI/UX","Conference, Project Exhibition",Offline
U022,"Embedded Systems, Drone Technology, Internet of Things, Raspberry Pi, Automation, Leadership","Autonomous Systems, Smart Devices, Automation, Drones",Competition,Offline
U023,"Docker, Problem Solving, Computer Vision, Generative AI, Linux, Natural Language Processing, Python","NLP, Generative AI, Data Analytics, Software Engineering",Conference,Both
U024,"Animation, UI/UX Design, CAD, Video Editing","UI/UX, 3D Design, Graphic Design",Bootcamp,Offline
U025,"UI/UX Design, Linux, Teamwork, SQL, Animation","Cybersecurity, Graphic Design, Data Analytics","Conference, Competition",Offline
U026,"PCB Design, Internet of Things, Sensors, Automation, Arduino","Smart Devices, Robotics, Embedded Systems, Internet of Things","Hackathon, Workshop",Online
U027,"Digital Forensics, Network Security, Problem Solving, Linux","Digital Forensics, Ethical Hacking, Network Security, Cyber Defense",Bootcamp,Offline
U028,"Leadership, Embedded Systems, Circuit Design, PCB Design, Digital Forensics, Electronics","PCB Design, Internet of Things, Cybersecurity, Embedded Systems, Ethical Hacking",Hackathon,Both
U029,"TypeScript, Web Development, Backend Development, Frontend Development","Open Source, Backend Development, Frontend Development, Software Engineering",Project Exhibition,Online
U030,"ESP32, Embedded Systems, VLSI, Electronics, PCB Design","Electronics, Internet of Things, Microcontrollers, Embedded Systems","Hackathon, Seminar",Offline
U031,"React, App Development, Web Development, Teamwork, Problem Solving","Software Engineering, App Development, Data Science",Project Exhibition,Online
U032,"Electronics, Digital Electronics, VLSI, Embedded Systems, ESP32, Technical Writing","Electronics, Digital Electronics, Embedded Systems",Project Exhibition,Online
U033,"Software Development, Frontend Development, SQL, Teamwork","Software Engineering, Backend Development, Open Source",Bootcamp,Offline
U034,"CAD, 3D Design, Animation, Communication","Product Design, Animation, Graphic Design",Project Exhibition,Both
U035,"UI/UX Design, Graphic Design, Content Creation","3D Design, Animation, Product Design, UI/UX",Conference,Both
U036,"Automation, UI/UX Design, Raspberry Pi, Communication, Video Editing, Content Creation","Graphic Design, Smart Devices, UI/UX, Robotics, Product Design","Workshop, Project Exhibition",Online
U037,"DevOps, Data Science, SQL, Problem Solving","Cloud Computing, Machine Learning, DevOps, Artificial Intelligence","Workshop, Tech Talk",Offline
U038,"Network Security, Cryptography, Cybersecurity, Ethical Hacking, Linux","Cybersecurity, Network Security, Digital Forensics",Conference,Both
U039,"Cryptography, Linux, Network Security","Network Security, Cybersecurity, Digital Forensics",Workshop,Online
U040,"Communication, Product Management, Natural Language Processing, Public Speaking, Project Management","Innovation, Product Management, Data Science","Conference, Workshop",Online
U041,"ESP32, PCB Design, VLSI","Internet of Things, Embedded Systems, Digital Electronics",Workshop,Online
U042,"PCB Design, Cybersecurity, Linux, Python, Ethical Hacking","Ethical Hacking, Cyber Defense, VLSI, Electronics",Seminar,Both
U043,"Node.js, Web Development, SQL, App Development, API Development","Software Engineering, Web Development, Frontend Development, Backend Development","Project Exhibition, Bootcamp",Both
U044,"HTML/CSS, Frontend Development, SQL","Open Source, App Development, Web Development","Hackathon, Bootcamp",Offline
U045,"Digital Electronics, Problem Solving, Cybersecurity, Cryptography, ESP32, Network Security","Ethical Hacking, Digital Electronics, Network Security, Cyber Defense",Project Exhibition,Both
U046,"Problem Solving, Communication, Digital Marketing, Business Strategy, Automation, SQL","Startups, Smart Devices, Computer Vision",Tech Talk,Both
U047,"Robot Programming, Sensors, Automation, Raspberry Pi","Drones, Automation, Robotics",Workshop,Offline
U048,"Python, Communication, React, Teamwork","Product Design, Ethical Hacking, Cyber Defense, App Development",Hackathon,Online
U049,"Arduino, ESP32, Embedded Systems, Digital Electronics","Robotics, PCB Design, Autonomous Systems, Embedded Systems","Workshop, Competition",Offline
U050,"Public Speaking, Leadership, Product Management, Teamwork, React, API Development","Entrepreneurship, Startups, App Development, Innovation",Seminar,Both
U051,"Embedded Systems, Electronics, ESP32, Circuit Design, PCB Design","VLSI, Digital Electronics, Internet of Things",Project Exhibition,Both
U052,"Linux, AWS, Kubernetes, Ethical Hacking, Cybersecurity","DevOps, Digital Forensics, Cloud Computing, Network Security",Tech Talk,Online
U053,"Deep Learning, Natural Language Processing, SQL, Computer Vision","Data Analytics, Computer Vision, NLP",Conference,Both
U054,"Cryptography, Digital Forensics, AWS, Cybersecurity, Python","Digital Forensics, Cloud Computing, Cloud Architecture, Cyber Defense","Seminar, Bootcamp",Both
U055,"Problem Solving, Azure, AWS, Docker","Cloud Architecture, Cloud Computing, DevOps",Conference,Both
U056,"Actuators, Automation, Raspberry Pi, Arduino","Internet of Things, Drones, Autonomous Systems, Smart Devices",Project Exhibition,Both
U057,"3D Design, Content Creation, Animation, UI/UX Design, CAD","Product Design, Animation, Graphic Design, 3D Design",Bootcamp,Both
U058,"Robotics, Digital Electronics, Drone Technology, Technical Writing, Internet of Things","Robotics, Autonomous Systems, Microcontrollers, Internet of Things","Seminar, Workshop",Both
U059,"Drone Technology, Microcontrollers, VLSI, Actuators, Arduino, Circuit Design","Robotics, VLSI, Autonomous Systems, Internet of Things",Seminar,Both
U060,"Python, Cybersecurity, Problem Solving, Leadership","Cybersecurity, Ethical Hacking, Cyber Defense","Bootcamp, Conference",Both
U061,"Embedded Systems, Raspberry Pi, Video Editing, Robot Programming, Actuators","Smart Devices, Product Design, Graphic Design, Robotics","Workshop, Competition",Both
U062,"3D Design, Video Editing, UI/UX Design, Animation, Content Creation","Product Design, Graphic Design, UI/UX",Workshop,Offline
U063,"Azure, Docker, AWS, Kubernetes, DevOps","Cloud Computing, Cloud Architecture, DevOps","Tech Talk, Bootcamp",Offline
U064,"Software Development, App Development, Frontend Development, TypeScript","Open Source, Frontend Development, Backend Development","Hackathon, Project Exhibition",Both
U065,"Electronics, Circuit Design, Microcontrollers, Embedded Systems","Robotics, Microcontrollers, Electronics, VLSI",Workshop,Offline
U066,"Data Science, Python, Natural Language Processing, Deep Learning","Machine Learning, Generative AI, Computer Vision",Workshop,Offline
U067,"Sensors, Robotics, Raspberry Pi","Internet of Things, Drones, Automation, Robotics","Competition, Workshop",Online
U068,"Digital Forensics, Cybersecurity, Cryptography","Cybersecurity, Network Security, Cyber Defense, Digital Forensics","Seminar, Workshop",Offline
U069,"Sensors, Actuators, Arduino, Embedded Systems, Internet of Things","Internet of Things, Drones, Automation, Autonomous Systems",Competition,Both
U070,"Software Development, Node.js, Data Analytics, SQL, Python, JavaScript","Web Development, Frontend Development, Generative AI, Computer Vision, Backend Development",Competition,Both
U071,"Problem Solving, Software Development, Communication, SQL, API Development, Video Editing","Backend Development, Open Source, Animation, Frontend Development",Conference,Both
U072,"Animation, Project Management, Marketing, Entrepreneurship, Leadership","Startups, Marketing, Graphic Design, Product Management",Conference,Online
U073,"API Development, App Development, Software Development, Communication, SQL, Node.js","Open Source, Software Engineering, Backend Development","Competition, Bootcamp",Both
U074,"Graphic Design, Technical Writing, Communication, Video Editing, UI/UX Design, Animation","Animation, Product Design, 3D Design",Bootcamp,Both
U075,"Robotics, Actuators, Technical Writing, Raspberry Pi, Embedded Systems","Automation, Smart Devices, Drones","Competition, Project Exhibition",Online
U076,"Problem Solving, Ethical Hacking, Linux, Cybersecurity","Ethical Hacking, Digital Forensics, Cyber Defense, Network Security","Conference, Workshop",Both
U077,"Problem Solving, Python, Communication, Teamwork, Computer Vision, Public Speaking","Product Management, NLP, Machine Learning, Innovation, Generative AI",Seminar,Both
U078,"Graphic Design, 3D Design, Communication","UI/UX, Product Design, Animation, Graphic Design",Project Exhibition,Both
U079,"Teamwork, Public Speaking, Leadership, Product Management","Innovation, Public Speaking, Product Management",Career Fair,Offline
U080,"Communication, UI/UX Design, CAD, Content Creation","3D Design, Graphic Design, Animation, Product Design",Conference,Online
U081,"AWS, Azure, Docker, Problem Solving","Software Engineering, DevOps, Cloud Architecture",Bootcamp,Both
U082,"Video Editing, 3D Design, Animation","Product Design, Animation, Graphic Design","Conference, Project Exhibition",Both
U083,"Cybersecurity, Ethical Hacking, Network Security, Python","Ethical Hacking, Cybersecurity, Network Security, Cyber Defense",Workshop,Online
U084,"TypeScript, Communication, HTML/CSS, Content Creation, Drone Technology","Product Design, Frontend Development, Autonomous Systems, App Development, Drones","Competition, Project Exhibition",Both
U085,"Kubernetes, Linux, DevOps, Problem Solving, AWS","Cloud Computing, DevOps, Cloud Architecture, Software Engineering",Webinar,Online
U086,"Electronics, Robotics, Digital Electronics, Arduino","VLSI, Microcontrollers, Autonomous Systems",Project Exhibition,Both
U087,"Content Creation, Backend Development, JavaScript, HTML/CSS","Backend Development, Open Source, Product Design","Bootcamp, Conference",Offline
U088,"Microcontrollers, PCB Design, Electronics","Embedded Systems, VLSI, Microcontrollers, Electronics","Seminar, Project Exhibition",Online
U089,"Graphic Design, Animation, UI/UX Design, CAD","Product Design, Animation, 3D Design, Graphic Design","Conference, Bootcamp",Both
U090,"Data Science, Python, Machine Learning, Generative AI, Computer Vision","Generative AI, Computer Vision, Data Analytics",Workshop,Offline
U091,"Problem Solving, Software Development, DevOps, Linux","DevOps, Software Engineering, Cloud Architecture, Cloud Computing","Bootcamp, Webinar",Offline
U092,"Problem Solving, Cloud Computing, Software Development, Linux","Digital Forensics, Cybersecurity, Software Engineering, Cloud Architecture","Webinar, Workshop",Online
U093,"Cybersecurity, Network Security, Python, Problem Solving, Azure","Software Engineering, Digital Forensics, Ethical Hacking, Cyber Defense, Cloud Computing",Tech Talk,Both
U094,"Video Editing, Content Creation, Graphic Design, CAD","Product Design, Animation, 3D Design, UI/UX",Workshop,Offline
U095,"Robot Programming, Automation, Problem Solving, Robotics","Smart Devices, Robotics, Internet of Things",Competition,Both
U096,"PCB Design, Data Analytics, Business Strategy, Project Management, Generative AI","Microcontrollers, Public Speaking, Embedded Systems, Generative AI, Machine Learning, Startups",Conference,Offline
U097,"Digital Marketing, Communication, Business Strategy","Marketing, Public Speaking, Leadership","Career Fair, Workshop",Both
U098,"Problem Solving, Computer Vision, SQL, Generative AI, Machine Learning","Computer Vision, Data Science, Data Analytics",Tech Talk,Both
U099,"Deep Learning, Linux, Network Security, Digital Forensics, Python","Generative AI, Cyber Defense, Machine Learning, Digital Forensics, Ethical Hacking",Hackathon,Both
U100,"Software Development, API Development, JavaScript, Backend Development","App Development, Web Development, Open Source",Competition,Offline
U101,"Natural Language Processing, Generative AI, Computer Vision, Deep Learning, Python","Generative AI, Artificial Intelligence, Computer Vision, Data Science",Workshop,Online
U102,"AWS, Docker, Kubernetes, Linux","Software Engineering, Cloud Architecture, DevOps, Cloud Computing",Tech Talk,Online
U103,"Machine Learning, Python, Generative AI, Docker, Software Development, Problem Solving","Data Science, Artificial Intelligence, Cloud Computing, Computer Vision","Bootcamp, Tech Talk",Both
U104,"Technical Writing, CAD, Arduino, Actuators, Content Creation, Digital Forensics","Graphic Design, Autonomous Systems, Drones, Cybersecurity","Project Exhibition, Workshop",Online
U105,"Generative AI, Data Analytics, Natural Language Processing, Problem Solving, Python","Generative AI, Artificial Intelligence, Data Science",Bootcamp,Offline
U106,"Drone Technology, Python, Natural Language Processing, Problem Solving, Raspberry Pi, Deep Learning, SQL","Computer Vision, Generative AI, Internet of Things",Project Exhibition,Online
U107,"HTML/CSS, SQL, React, Natural Language Processing, Python","Computer Vision, Generative AI, Open Source, Frontend Development, Backend Development","Bootcamp, Conference",Both
U108,"Problem Solving, DevOps, Linux","Cloud Architecture, DevOps, Software Engineering, Cloud Computing","Bootcamp, Tech Talk",Both
U109,"Video Editing, 3D Design, Graphic Design, Business Strategy, Content Creation","Animation, Graphic Design, 3D Design, Product Management",Seminar,Online
U110,"Leadership, Innovation, Business Strategy, Communication","Innovation, Leadership, Startups, Marketing",Webinar,Both
U111,"Deep Learning, Problem Solving, SQL, Machine Learning, Data Analytics","Generative AI, Data Analytics, Data Science","Hackathon, Bootcamp",Both
U112,"Embedded Systems, VLSI, Microcontrollers","Electronics, Microcontrollers, PCB Design",Hackathon,Offline
U113,"Robot Programming, Robotics, Problem Solving, Arduino, Raspberry Pi","Smart Devices, Robotics, Autonomous Systems, Automation","Project Exhibition, Workshop",Online
U114,"Linux, Problem Solving, Digital Forensics","Ethical Hacking, Cybersecurity, Network Security, Digital Forensics","Bootcamp, Competition",Offline
U115,"AWS, DevOps, Software Development","Cloud Architecture, DevOps, Software Engineering",Tech Talk,Both
U116,"AWS, Cloud Computing, Software Development, Linux, Docker","DevOps, Cloud Computing, Software Engineering, Cloud Architecture","Conference, Webinar",Offline
U117,"Raspberry Pi, Embedded Systems, Robotics, Robot Programming","Automation, Drones, Robotics","Workshop, Project Exhibition",Offline
U118,"Cybersecurity, Ethical Hacking, Python","Cyber Defense, Digital Forensics, Network Security","Conference, Workshop",Online
U119,"Cryptography, Internet of Things, Robot Programming, Data Science, Network Security","Robotics, Digital Forensics, Machine Learning, Autonomous Systems, Ethical Hacking","Project Exhibition, Competition",Both
U120,"Network Security, Cryptography, Microcontrollers, Linux, Problem Solving","Internet of Things, Network Security, Ethical Hacking, VLSI, Cyber Defense",Bootcamp,Online
U121,"Graphic Design, Sensors, Actuators, Embedded Systems, Raspberry Pi","Robotics, Automation, Product Design, Drones","Conference, Project Exhibition",Online
U122,"Automation, Raspberry Pi, Robotics, Internet of Things","Robotics, Autonomous Systems, Smart Devices",Hackathon,Offline
U123,"Animation, Linux, Embedded Systems, CAD","Smart Devices, Product Design, 3D Design, DevOps, Cloud Computing","Webinar, Hackathon",Online
U124,"Graphic Design, Technical Writing, Communication, Video Editing, CAD","Product Design, Graphic Design, UI/UX, 3D Design","Workshop, Project Exhibition",Online
U125,"Business Strategy, Innovation, Teamwork, Public Speaking","Entrepreneurship, Product Management, Leadership, Startups",Conference,Offline
U126,"Network Security, Python, Problem Solving","Network Security, Digital Forensics, Cybersecurity","Workshop, Competition",Offline
U127,"Python, Linux, Problem Solving, Cybersecurity, Cryptography","Digital Forensics, Network Security, Cybersecurity, Ethical Hacking","Competition, Seminar",Online
U128,"Arduino, Robotics, Automation, Drone Technology, Robot Programming","Drones, Internet of Things, Robotics",Workshop,Online
U129,"SQL, 3D Design, TypeScript, Natural Language Processing, UI/UX Design","Graphic Design, App Development, Generative AI","Competition, Workshop",Both
U130,"Linux, AWS, Cloud Computing","Cloud Computing, Software Engineering, Cloud Architecture",Webinar,Both
U131,"Problem Solving, Python, Linux","Network Security, Digital Forensics, Ethical Hacking, Cyber Defense","Bootcamp, Workshop",Offline
U132,"Deep Learning, Data Analytics, Problem Solving","Data Science, Generative AI, NLP",Bootcamp,Online
U133,"Natural Language Processing, Machine Learning, Generative AI, Data Analytics","Data Science, Computer Vision, Generative AI, Machine Learning",Conference,Online
U134,"Embedded Systems, Internet of Things, Sensors, Communication, Arduino","Internet of Things, Drones, Autonomous Systems",Project Exhibition,Offline
U135,"VLSI, Electronics, ESP32, Circuit Design, Arduino, Leadership","Internet of Things, Electronics, Microcontrollers, Embedded Systems","Project Exhibition, Competition",Online
U136,"SQL, Linux, App Development, Software Development","Frontend Development, DevOps, Backend Development, Web Development",Webinar,Offline
U137,"Ethical Hacking, Digital Electronics, Electronics, Arduino","Ethical Hacking, PCB Design, Microcontrollers, Cyber Defense","Project Exhibition, Seminar",Both
U138,"Ethical Hacking, 3D Design, CAD, Digital Forensics, Technical Writing, Frontend Development","Network Security, UI/UX, Backend Development","Seminar, Hackathon",Online
U139,"3D Design, Video Editing, Animation","UI/UX, Product Design, Graphic Design","Conference, Project Exhibition",Offline
U140,"Entrepreneurship, Innovation, Teamwork, Project Management","Marketing, Startups, Leadership, Public Speaking","Workshop, Conference",Online
U141,"React, Software Development, App Development, Frontend Development, HTML/CSS","Frontend Development, Software Engineering, Web Development",Bootcamp,Online
U142,"Machine Learning, Web Development, Robot Programming, Computer Vision","Automation, Drones, Open Source, Machine Learning, Backend Development",Project Exhibition,Online
U143,"Python, Communication, Computer Vision, Problem Solving","Computer Vision, NLP, Machine Learning, Generative AI","Conference, Workshop",Online
U144,"Python, Problem Solving, Cybersecurity, Network Security","Network Security, Digital Forensics, Cybersecurity",Seminar,Both
U145,"AWS, Problem Solving, DevOps, Kubernetes, HTML/CSS, Web Development","Cloud Architecture, DevOps, Web Development, Cloud Computing, Frontend Development","Project Exhibition, Competition",Offline
U146,"Circuit Design, Electronics, Microcontrollers, ESP32, VLSI","Embedded Systems, Microcontrollers, Digital Electronics, VLSI","Project Exhibition, Workshop",Offline
U147,"Communication, Entrepreneurship, Leadership, Digital Marketing, Innovation","Product Management, Marketing, Public Speaking",Workshop,Offline
U148,"Actuators, Drone Technology, Sensors","Automation, Drones, Autonomous Systems",Competition,Offline
U149,"Robotics, Raspberry Pi, UI/UX Design, Digital Forensics","Cyber Defense, Graphic Design, 3D Design, Automation, Network Security",Hackathon,Offline
U150,"Cloud Computing, Teamwork, Azure, Software Development, Problem Solving","Cloud Architecture, Software Engineering, Cloud Computing","Conference, Webinar",Both
U151,"Kubernetes, Problem Solving, Docker","Software Engineering, DevOps, Cloud Computing","Workshop, Conference",Online
U152,"SQL, Deep Learning, Project Management, Problem Solving","Data Analytics, Computer Vision, Generative AI","Hackathon, Workshop",Online
U153,"CAD, Communication, Robotics, Content Creation, Sensors, 3D Design","3D Design, Robotics, Graphic Design, Autonomous Systems, Animation","Conference, Competition",Both
U154,"Marketing, Public Speaking, Communication","Marketing, Public Speaking, Product Management","Career Fair, Workshop",Both
U155,"Network Security, Problem Solving, Digital Forensics, Cryptography, Linux","Network Security, Cybersecurity, Cyber Defense","Conference, Competition",Both
U156,"3D Design, CAD, Animation","3D Design, Animation, Product Design, Graphic Design",Project Exhibition,Offline
U157,"Azure, Software Development, Data Analytics, Data Science, Embedded Systems, Problem Solving","Cloud Computing, Artificial Intelligence, Computer Vision, DevOps, Microcontrollers",Tech Talk,Offline
U158,"SQL, Python, Leadership, Generative AI, Communication, Teamwork","Innovation, Data Science, Computer Vision","Webinar, Seminar",Offline
U159,"Teamwork, AWS, Azure, Kubernetes, Problem Solving, Software Development","Software Engineering, Cloud Computing, Cloud Architecture",Conference,Both
U160,"Arduino, VLSI, Digital Electronics","Embedded Systems, VLSI, Digital Electronics",Workshop,Offline
U161,"Communication, PCB Design, ESP32, Microcontrollers, Digital Electronics","Embedded Systems, PCB Design, Microcontrollers",Hackathon,Online
U162,"Data Analytics, Python, SQL","Artificial Intelligence, NLP, Computer Vision, Data Analytics","Hackathon, Conference",Offline
U163,"AWS, Software Development, Linux, Cloud Computing","DevOps, Cloud Architecture, Software Engineering, Cloud Computing",Tech Talk,Both
U164,"Web Development, Frontend Development, HTML/CSS, React","Open Source, App Development, Backend Development, Frontend Development","Workshop, Hackathon",Offline
U165,"Circuit Design, Embedded Systems, Microcontrollers, VLSI, PCB Design","Embedded Systems, Digital Electronics, VLSI, Electronics",Seminar,Both
U166,"Circuit Design, Digital Electronics, Electronics, ESP32, VLSI","Internet of Things, VLSI, Microcontrollers, Electronics",Hackathon,Offline
U167,"Circuit Design, ESP32, Cryptography, Linux, Problem Solving","Ethical Hacking, Microcontrollers, Digital Forensics, Embedded Systems, Cybersecurity","Conference, Competition",Both
U168,"Digital Forensics, Kubernetes, Software Development, Problem Solving","Cybersecurity, Software Engineering, Cloud Architecture, Cloud Computing",Seminar,Both
U169,"Raspberry Pi, Robot Programming, Robotics, Communication","Robotics, 3D Design, UI/UX, Drones","Project Exhibition, Conference",Offline
U170,"Docker, AWS, Azure","DevOps, Cloud Architecture, Software Engineering","Conference, Tech Talk",Both
U171,"SQL, Data Analytics, Natural Language Processing, Machine Learning, Generative AI","Data Science, NLP, Data Analytics, Computer Vision","Tech Talk, Conference",Both
U172,"Digital Forensics, Cybersecurity, Docker, Cloud Computing, Python","Network Security, Cybersecurity, Cyber Defense, Cloud Computing","Tech Talk, Webinar",Offline
U173,"Web Development, SQL, Backend Development, JavaScript","Backend Development, Open Source, Frontend Development","Bootcamp, Workshop",Both
U174,"Natural Language Processing, Project Management, Public Speaking, Leadership, Problem Solving","Marketing, Data Science, Innovation, Machine Learning","Workshop, Webinar",Both
U175,"Cybersecurity, PCB Design, ESP32, VLSI","Electronics, Microcontrollers, Ethical Hacking, Network Security, Embedded Systems",Bootcamp,Offline
U176,"ESP32, PCB Design, Microcontrollers, Electronics, Embedded Systems","Digital Electronics, Microcontrollers, Embedded Systems, Internet of Things",Workshop,Both
U177,"Web Development, React, Node.js, Frontend Development, Software Development","Software Engineering, Backend Development, Web Development",Hackathon,Online
U178,"Video Editing, Content Creation, CAD, Communication, Animation","Animation, UI/UX, Graphic Design","Workshop, Project Exhibition",Both
U179,"SQL, Deep Learning, Computer Vision, Natural Language Processing","NLP, Artificial Intelligence, Computer Vision","Workshop, Conference",Both
U180,"Project Management, Innovation, Communication, Teamwork, Public Speaking","Marketing, Entrepreneurship, Product Management, Public Speaking",Seminar,Offline
U181,"API Development, Graphic Design, React, Technical Writing, SQL, Software Development","Frontend Development, Open Source, 3D Design, Product Design","Workshop, Competition",Offline
U182,"Project Management, Graphic Design, Content Creation, Animation","Product Design, Graphic Design, Animation","Bootcamp, Conference",Online
U183,"Linux, Microcontrollers, ESP32, Digital Electronics","PCB Design, Cyber Defense, Internet of Things","Project Exhibition, Competition",Offline
U184,"Content Creation, UI/UX Design, Video Editing, Teamwork, Communication","Graphic Design, 3D Design, Animation",Project Exhibition,Both
U185,"CAD, Teamwork, Communication, AWS","Leadership, Entrepreneurship, Cloud Architecture, Cloud Computing, 3D Design, Animation",Bootcamp,Offline
U186,"Ethical Hacking, Digital Forensics, Network Security, Cybersecurity, Cryptography","Digital Forensics, Network Security, Cybersecurity, Cyber Defense",Conference,Both
U187,"Project Management, Computer Vision, Innovation, Problem Solving, SQL","Artificial Intelligence, Marketing, Machine Learning, NLP","Career Fair, Bootcamp",Both
U188,"Circuit Design, PCB Design, ESP32, Microcontrollers, Electronics","Internet of Things, VLSI, PCB Design, Electronics","Seminar, Workshop",Online
U189,"Network Security, Problem Solving, Cloud Computing, Linux, Ethical Hacking","Cloud Computing, Ethical Hacking, Digital Forensics",Webinar,Offline
U190,"Docker, Public Speaking, DevOps, App Development, Node.js","Product Management, Cloud Computing, Frontend Development","Competition, Career Fair",Both
U191,"Sensors, Internet of Things, PCB Design, AWS","Electronics, Autonomous Systems, Microcontrollers, Drones, Software Engineering",Workshop,Both
U192,"UI/UX Design, Graphic Design, Communication, 3D Design, Animation","UI/UX, 3D Design, Graphic Design, Product Design",Project Exhibition,Both
U193,"Communication, Innovation, Teamwork, Public Speaking","Leadership, Marketing, Startups","Webinar, Career Fair",Both
U194,"Teamwork, Kubernetes, Ethical Hacking, Problem Solving, Digital Forensics","Digital Forensics, Cyber Defense, Cloud Architecture, Ethical Hacking, Software Engineering","Seminar, Conference",Both
U195,"PCB Design, VLSI, Digital Electronics, Electronics","Embedded Systems, PCB Design, Digital Electronics, VLSI","Hackathon, Competition",Offline
U196,"Machine Learning, Natural Language Processing, Data Analytics","Generative AI, Data Analytics, Machine Learning, Artificial Intelligence",Workshop,Online
U197,"TypeScript, HTML/CSS, AWS, Frontend Development","Cloud Computing, Open Source, Backend Development",Competition,Offline
U198,"Project Management, Communication, Marketing, Innovation","Marketing, Leadership, Entrepreneurship, Product Management",Conference,Online
U199,"Backend Development, Frontend Development, SQL, HTML/CSS","Software Engineering, Frontend Development, Open Source, App Development",Bootcamp,Offline
U200,"Python, Linux, Project Management, Cybersecurity, Network Security, Cryptography","Digital Forensics, Cyber Defense, Ethical Hacking","Conference, Seminar",Both
U201,"JavaScript, Web Development, HTML/CSS, Node.js, React","Frontend Development, Web Development, Backend Development",Project Exhibition,Online
U202,"3D Design, Video Editing, Content Creation","Graphic Design, Animation, 3D Design",Project Exhibition,Both
U203,"ESP32, Circuit Design, VLSI, Embedded Systems","Microcontrollers, Digital Electronics, PCB Design, Electronics",Project Exhibition,Both
U204,"Data Science, Natural Language Processing, Machine Learning, Leadership","Artificial Intelligence, Product Management, Data Analytics, Entrepreneurship",Tech Talk,Both
U205,"Cloud Computing, Data Analytics, Kubernetes, Linux","Cloud Architecture, Software Engineering, Computer Vision, DevOps, Machine Learning",Workshop,Offline
U206,"Problem Solving, Computer Vision, Cybersecurity, Cryptography","Generative AI, Artificial Intelligence, Digital Forensics, Network Security",Competition,Both
U207,"ESP32, PCB Design, Digital Electronics","PCB Design, Electronics, Microcontrollers, Digital Electronics",Competition,Online
U208,"Linux, AWS, Docker, Cloud Computing, Kubernetes","Software Engineering, Cloud Architecture, Cloud Computing, DevOps",Tech Talk,Offline
U209,"Animation, Graphic Design, UI/UX Design, Content Creation","Graphic Design, UI/UX, Animation",Project Exhibition,Offline
U210,"Public Speaking, Leadership, Computer Vision, Marketing, Natural Language Processing","Data Analytics, Startups, Leadership, Computer Vision, Entrepreneurship","Webinar, Hackathon",Offline
U211,"Computer Vision, Natural Language Processing, SQL, Python, Deep Learning","Generative AI, Computer Vision, NLP",Bootcamp,Offline
U212,"Public Speaking, Project Management, Entrepreneurship","Public Speaking, Entrepreneurship, Startups",Webinar,Offline
U213,"Computer Vision, Deep Learning, Machine Learning, Generative AI","Data Analytics, Machine Learning, Data Science, NLP",Conference,Offline
U214,"Problem Solving, Linux, DevOps, Cloud Computing, Azure, Project Management","Cloud Computing, Cloud Architecture, DevOps, Software Engineering",Webinar,Both
U215,"Computer Vision, Machine Learning, SQL","Computer Vision, Artificial Intelligence, Machine Learning",Workshop,Offline
U216,"Machine Learning, Python, Computer Vision","Data Analytics, Generative AI, Data Science, NLP","Hackathon, Workshop",Both
U217,"Problem Solving, SQL, Generative AI, Deep Learning, Data Analytics","Data Analytics, Machine Learning, Computer Vision, Generative AI","Bootcamp, Tech Talk",Offline
U218,"Microcontrollers, Digital Electronics, VLSI, Circuit Design, Embedded Systems","Microcontrollers, Internet of Things, VLSI, Digital Electronics","Workshop, Seminar",Both
U219,"Electronics, Microcontrollers, ESP32, Embedded Systems","Microcontrollers, Embedded Systems, Digital Electronics",Competition,Offline
U220,"Electronics, ESP32, Digital Forensics, Cryptography, Digital Electronics","VLSI, PCB Design, Digital Electronics, Cybersecurity",Conference,Offline
U221,"Project Management, Python, Digital Marketing, Public Speaking, Communication, Data Analytics","Machine Learning, NLP, Leadership, Marketing",Seminar,Offline
U222,"Robot Programming, Internet of Things, Automation, Drone Technology","Autonomous Systems, Smart Devices, Internet of Things","Competition, Hackathon",Online
U223,"Robot Programming, Problem Solving, Internet of Things, Animation, Actuators","UI/UX, Graphic Design, Smart Devices, Automation",Workshop,Online
U224,"Internet of Things, Embedded Systems, Sensors, UI/UX Design","UI/UX, Smart Devices, Drones, Automation","Bootcamp, Hackathon",Offline
U225,"Innovation, Digital Marketing, Marketing, Communication, Project Management","Entrepreneurship, Product Management, Public Speaking",Webinar,Offline
U226,"Technical Writing, Sensors, Automation, Embedded Systems, Robotics","Robotics, Smart Devices, Autonomous Systems",Workshop,Offline
U227,"JavaScript, API Development, Software Development, SQL, Web Development","App Development, Frontend Development, Web Development, Software Engineering","Project Exhibition, Bootcamp",Both
U228,"Cryptography, Network Security, Linux","Digital Forensics, Network Security, Ethical Hacking","Workshop, Competition",Offline
U229,"3D Design, Technical Writing, Content Creation, CAD, Communication","3D Design, Graphic Design, UI/UX, Product Design",Bootcamp,Online
U230,"Content Creation, Communication, 3D Design, Video Editing, CAD, Animation","3D Design, Graphic Design, UI/UX, Product Design","Bootcamp, Conference",Offline
U231,"Python, Cryptography, Problem Solving","Digital Forensics, Ethical Hacking, Network Security, Cyber Defense","Workshop, Competition",Offline
U232,"Python, Ethical Hacking, Network Security, Cybersecurity, Linux","Cybersecurity, Cyber Defense, Network Security, Ethical Hacking",Conference,Online
U233,"Robotics, Actuators, Robot Programming, Internet of Things, Arduino","Internet of Things, Autonomous Systems, Drones",Project Exhibition,Offline
U234,"Teamwork, Python, Machine Learning, Natural Language Processing, Problem Solving, Generative AI","Data Analytics, Data Science, Machine Learning",Workshop,Online
U235,"Python, Product Management, Innovation, Problem Solving, Computer Vision","Product Management, Data Analytics, Computer Vision","Tech Talk, Hackathon",Online
U236,"Python, Data Analytics, Linux, Network Security, Machine Learning","Cyber Defense, Data Science, Computer Vision","Conference, Seminar",Both
U237,"UI/UX Design, Video Editing, Teamwork, 3D Design, Graphic Design, CAD","3D Design, Graphic Design, Animation",Conference,Online
U238,"Circuit Design, Electronics, VLSI","Internet of Things, Electronics, Digital Electronics, PCB Design","Workshop, Project Exhibition",Both
U239,"Arduino, Cryptography, VLSI, Digital Electronics, Ethical Hacking","Autonomous Systems, Embedded Systems, Network Security",Workshop,Both
U240,"Azure, Kubernetes, Software Development","DevOps, Software Engineering, Cloud Architecture","Conference, Workshop",Online
U241,"Internet of Things, Sensors, Arduino, Embedded Systems","Smart Devices, Drones, Internet of Things","Workshop, Competition",Online
U242,"Project Management, Public Speaking, React, ESP32, Embedded Systems","App Development, Web Development, Embedded Systems, Innovation, Internet of Things",Webinar,Online
U243,"Video Editing, React, Backend Development, SQL, UI/UX Design, JavaScript","App Development, Frontend Development, Graphic Design, Software Engineering",Competition,Offline
U244,"Computer Vision, Data Science, Machine Learning, Deep Learning, Problem Solving","Artificial Intelligence, Data Science, Machine Learning, Data Analytics",Tech Talk,Offline
U245,"Sensors, Internet of Things, Embedded Systems, Actuators, Raspberry Pi","Smart Devices, Robotics, Internet of Things, Autonomous Systems",Competition,Online
U246,"Content Creation, 3D Design, Product Management, CAD, Animation","Animation, UI/UX, Innovation",Career Fair,Both
U247,"Network Security, Cryptography, Linux, Ethical Hacking","Cybersecurity, Ethical Hacking, Network Security, Cyber Defense","Bootcamp, Seminar",Offline
U248,"Software Development, React, Leadership, Frontend Development","Frontend Development, Web Development, Software Engineering, Backend Development","Hackathon, Competition",Online
U249,"Problem Solving, Computer Vision, Data Science, Deep Learning, Generative AI","Computer Vision, Generative AI, Data Analytics","Bootcamp, Hackathon",Offline
U250,"Cloud Computing, Problem Solving, Software Development, Kubernetes","Cloud Computing, DevOps, Cloud Architecture","Tech Talk, Webinar",Offline
U251,"Web Development, TypeScript, HTML/CSS, Azure, DevOps","Web Development, Open Source, DevOps","Tech Talk, Competition",Online
U252,"AWS, Software Development, Kubernetes, Docker","Cloud Architecture, DevOps, Software Engineering, Cloud Computing","Workshop, Tech Talk",Both
U253,"Generative AI, Deep Learning, Computer Vision, Natural Language Processing, Machine Learning","Artificial Intelligence, NLP, Generative AI, Machine Learning",Bootcamp,Both
U254,"Digital Electronics, Digital Forensics, Microcontrollers, Arduino, Ethical Hacking, Embedded Systems","VLSI, Ethical Hacking, Digital Electronics, PCB Design","Competition, Conference",Online
U255,"HTML/CSS, API Development, Frontend Development","Software Engineering, Open Source, Backend Development",Competition,Both
U256,"Cryptography, Software Development, Network Security, Docker, Problem Solving","Cloud Computing, Network Security, Cyber Defense",Tech Talk,Both
U257,"Business Strategy, Public Speaking, Digital Marketing, Project Management, UI/UX Design, 3D Design","UI/UX, Leadership, Marketing, 3D Design, Innovation",Workshop,Offline
U258,"Drone Technology, Embedded Systems, Automation, Sensors, Communication, Actuators","Smart Devices, Robotics, Autonomous Systems",Hackathon,Online
U259,"Machine Learning, Python, Generative AI, Problem Solving, Deep Learning","Data Analytics, Generative AI, Machine Learning",Hackathon,Offline
U260,"Communication, Teamwork, Leadership, Digital Marketing, Web Development, API Development, Project Management","Public Speaking, Backend Development, Startups, Innovation","Workshop, Seminar",Online
U261,"Python, Computer Vision, Problem Solving, Data Science","Computer Vision, Data Science, Generative AI",Tech Talk,Both
U262,"Robot Programming, Sensors, Arduino, Automation, Internet of Things","Smart Devices, Automation, Autonomous Systems",Project Exhibition,Both
U263,"TypeScript, SQL, Communication, Web Development, React, Project Management","UI/UX, Software Engineering, Product Design, Open Source","Hackathon, Conference",Offline
U264,"Network Security, Ethical Hacking, Digital Forensics, Cryptography","Digital Forensics, Network Security, Ethical Hacking",Conference,Online
U265,"Raspberry Pi, Automation, Embedded Systems, ESP32, VLSI","Autonomous Systems, Embedded Systems, Smart Devices, Electronics",Competition,Both
U266,"Drone Technology, Embedded Systems, PCB Design, Circuit Design, Digital Electronics, Project Management","Robotics, Electronics, Internet of Things, PCB Design",Workshop,Both
U267,"Circuit Design, Leadership, Microcontrollers, Problem Solving, Embedded Systems","Embedded Systems, PCB Design, Cyber Defense, Electronics","Project Exhibition, Workshop",Both
U268,"Product Management, Communication, Digital Marketing, Leadership, Marketing","Product Management, Entrepreneurship, Startups",Career Fair,Offline
U269,"Graphic Design, UI/UX Design, 3D Design","UI/UX, Animation, 3D Design",Conference,Online
U270,"Machine Learning, Problem Solving, Generative AI, Natural Language Processing, SQL","Digital Forensics, NLP, Cyber Defense, Machine Learning",Hackathon,Both
U271,"Problem Solving, Azure, Data Science, Data Analytics, SQL","Generative AI, Software Engineering, Data Analytics","Workshop, Webinar",Offline
U272,"Arduino, PCB Design, Circuit Design, VLSI, Electronics","PCB Design, Embedded Systems, Digital Electronics",Seminar,Both
U273,"AWS, HTML/CSS, Cryptography, Docker, Cybersecurity, App Development","Backend Development, Ethical Hacking, Network Security, Software Engineering","Seminar, Tech Talk",Both
U274,"Data Analytics, Python, Generative AI, Problem Solving, Computer Vision, SQL","Generative AI, Data Science, Data Analytics",Hackathon,Offline
U275,"Robotics, Problem Solving, Embedded Systems, Actuators, Sensors, Drone Technology","Autonomous Systems, Drones, Automation",Workshop,Both
U276,"Leadership, Product Management, Innovation","Product Management, Startups, Innovation",Seminar,Offline
U277,"Animation, CAD, Communication, Video Editing, Graphic Design","Animation, Graphic Design, Product Design","Conference, Project Exhibition",Offline
U278,"VLSI, Microcontrollers, Circuit Design, Problem Solving, ESP32","Electronics, Digital Electronics, Microcontrollers, Internet of Things","Project Exhibition, Competition",Online
U279,"React, JavaScript, TypeScript, Node.js, HTML/CSS","Software Engineering, App Development, Backend Development","Workshop, Bootcamp",Offline
U280,"Business Strategy, Project Management, Product Management","Innovation, Startups, Product Management",Career Fair,Both
U281,"Drone Technology, Internet of Things, Automation, Actuators, Arduino, Technical Writing","Robotics, Drones, Autonomous Systems",Hackathon,Offline
U282,"React, Backend Development, JavaScript, Problem Solving, App Development","Web Development, Open Source, Backend Development","Project Exhibition, Bootcamp",Offline
U283,"Product Management, Natural Language Processing, Computer Vision, SQL, Generative AI","NLP, Generative AI, Leadership, Computer Vision",Career Fair,Online
U284,"Ethical Hacking, Linux, Problem Solving, Digital Forensics","Cyber Defense, Ethical Hacking, Digital Forensics",Bootcamp,Online
U285,"Content Creation, Teamwork, CAD, Video Editing, Graphic Design","UI/UX, Product Management, Graphic Design","Career Fair, Webinar",Offline
U286,"CAD, Embedded Systems, Internet of Things, Arduino, Animation","3D Design, Graphic Design, Internet of Things, Robotics","Competition, Hackathon",Offline
U287,"Backend Development, React, Software Development, Entrepreneurship, TypeScript, Innovation","App Development, Innovation, Software Engineering",Project Exhibition,Both
U288,"PCB Design, VLSI, Circuit Design, Arduino, ESP32","Embedded Systems, Microcontrollers, VLSI",Workshop,Online
U289,"API Development, CAD, UI/UX Design, Communication, Graphic Design","Backend Development, UI/UX, Animation",Competition,Online
U290,"Data Analytics, Python, Machine Learning, Cybersecurity","Data Science, Cyber Defense, Data Analytics, Ethical Hacking, Machine Learning","Workshop, Bootcamp",Online
U291,"Embedded Systems, Arduino, Actuators, Internet of Things, Automation, Teamwork","Drones, Automation, Internet of Things, Autonomous Systems",Workshop,Both
U292,"Electronics, Communication, PCB Design, Microcontrollers, Circuit Design, Ethical Hacking","Digital Forensics, Microcontrollers, VLSI, PCB Design",Bootcamp,Online
U293,"Product Management, TypeScript, Digital Marketing, Internet of Things","Robotics, Leadership, Public Speaking, Frontend Development, Internet of Things",Competition,Offline
U294,"JavaScript, API Development, React","Backend Development, Web Development, Software Engineering","Hackathon, Competition",Both
U295,"Docker, Software Development, Problem Solving, DevOps","Cloud Architecture, Software Engineering, DevOps",Tech Talk,Offline
U296,"Product Management, Business Strategy, Natural Language Processing, Deep Learning, Data Science","Computer Vision, Leadership, Data Analytics, Marketing","Career Fair, Bootcamp",Both
U297,"Embedded Systems, Drone Technology, Actuators, Arduino","Microcontrollers, Drones, VLSI, Automation, Robotics","Hackathon, Workshop",Online
U298,"Project Management, Docker, Problem Solving, Kubernetes, DevOps, Python, Cloud Computing","Software Engineering, Generative AI, NLP, DevOps, Cloud Computing","Workshop, Webinar",Online
U299,"React, API Development, Problem Solving, Frontend Development","Generative AI, App Development, Backend Development, Web Development, Machine Learning",Project Exhibition,Online
U300,"Docker, AWS, Azure, DevOps, Cloud Computing","Software Engineering, Cloud Architecture, DevOps",Conference,Both
U301,"Problem Solving, Cybersecurity, Cryptography","Ethical Hacking, Digital Forensics, Network Security",Competition,Both
U302,"Software Development, JavaScript, HTML/CSS, Node.js","Web Development, Software Engineering, App Development, Frontend Development","Hackathon, Competition",Offline
U303,"HTML/CSS, Problem Solving, Node.js, Web Development, React","Machine Learning, Web Development, Data Analytics, Backend Development",Workshop,Both
U304,"PCB Design, Digital Electronics, Digital Forensics, Problem Solving, Python","Network Security, Digital Forensics, Ethical Hacking, VLSI",Bootcamp,Offline
U305,"Electronics, Web Development, JavaScript, Teamwork, Entrepreneurship","Electronics, Public Speaking, Internet of Things, Open Source, Entrepreneurship, Frontend Development",Seminar,Offline
U306,"Arduino, Embedded Systems, Actuators, Problem Solving, Internet of Things","Drones, Smart Devices, Internet of Things, Robotics","Project Exhibition, Competition",Offline
U307,"HTML/CSS, 3D Design, CAD, Web Development, Communication, UI/UX Design","Graphic Design, 3D Design, UI/UX, Open Source","Hackathon, Conference",Online
U308,"Business Strategy, Product Management, Communication, Public Speaking","Leadership, Product Design, Startups",Seminar,Offline
U309,"Teamwork, UI/UX Design, 3D Design, Business Strategy, Project Management","Startups, Marketing, Product Management, Graphic Design","Project Exhibition, Webinar",Both
U310,"Actuators, Robotics, Digital Electronics, Automation","PCB Design, Automation, Smart Devices","Workshop, Competition",Offline
U311,"Public Speaking, Business Strategy, Entrepreneurship","Entrepreneurship, Innovation, Startups","Career Fair, Workshop",Offline
U312,"Embedded Systems, Leadership, Actuators, Sensors, Automation, Computer Vision","Machine Learning, Robotics, Internet of Things",Tech Talk,Offline
U313,"AWS, Software Development, Kubernetes, Deep Learning","Cloud Architecture, Computer Vision, Software Engineering",Tech Talk,Both
U314,"Embedded Systems, Actuators, Video Editing, UI/UX Design, Animation","Drones, Animation, 3D Design",Competition,Both
U315,"Entrepreneurship, Digital Marketing, Communication","Public Speaking, Entrepreneurship, Leadership",Seminar,Both
U316,"Animation, Software Development, Content Creation, HTML/CSS, 3D Design","Open Source, Frontend Development, 3D Design, Animation",Bootcamp,Offline
U317,"Embedded Systems, PCB Design, Digital Electronics, Electronics","Microcontrollers, PCB Design, Internet of Things, Embedded Systems",Hackathon,Online
U318,"3D Design, UI/UX Design, Video Editing, Content Creation, Backend Development","UI/UX, 3D Design, App Development","Hackathon, Workshop",Online
U319,"Embedded Systems, Digital Electronics, ESP32, PCB Design, Project Management, Actuators","PCB Design, Microcontrollers, Digital Electronics, Internet of Things, Autonomous Systems",Hackathon,Offline
U320,"Cryptography, Ethical Hacking, Network Security, Communication, Problem Solving, Cybersecurity","Digital Forensics, Cybersecurity, Network Security, Cyber Defense",Conference,Online
U321,"JavaScript, HTML/CSS, Leadership, Frontend Development, React","App Development, Software Engineering, Open Source, Backend Development",Project Exhibition,Both
U322,"CAD, Content Creation, Video Editing, UI/UX Design, Animation","Animation, Product Design, UI/UX, Graphic Design","Conference, Project Exhibition",Both
U323,"Deep Learning, Ethical Hacking, SQL, Computer Vision, Generative AI, Digital Forensics","Data Science, Computer Vision, Generative AI, Digital Forensics","Workshop, Seminar",Online
U324,"Arduino, Electronics, VLSI, Cybersecurity, Microcontrollers, Python","Electronics, Internet of Things, Digital Electronics, Cyber Defense, Cybersecurity","Conference, Competition",Both
U325,"Drone Technology, Automation, Arduino","Robotics, Autonomous Systems, Smart Devices","Workshop, Hackathon",Both
U326,"Robot Programming, Drone Technology, Actuators, Embedded Systems","Robotics, Internet of Things, Autonomous Systems",Competition,Online
U327,"Cybersecurity, Network Security, Cryptography, Ethical Hacking","Digital Forensics, Ethical Hacking, Cyber Defense",Workshop,Both
U328,"Software Development, Cloud Computing, Azure, JavaScript, Docker, Linux","Backend Development, DevOps, Cloud Architecture","Conference, Hackathon",Offline
U329,"Embedded Systems, Digital Electronics, PCB Design, Circuit Design, ESP32","PCB Design, Microcontrollers, Embedded Systems, Internet of Things","Project Exhibition, Workshop",Online
U330,"Video Editing, Content Creation, UI/UX Design, Project Management","Graphic Design, Animation, Product Design, UI/UX","Project Exhibition, Bootcamp",Online
U331,"Microcontrollers, PCB Design, Embedded Systems, Electronics, Arduino","PCB Design, Electronics, Microcontrollers",Project Exhibition,Offline
U332,"PCB Design, Video Editing, Product Management, Communication, Embedded Systems","PCB Design, Startups, Leadership, 3D Design, Animation","Hackathon, Project Exhibition",Offline
U333,"Problem Solving, Digital Electronics, Cybersecurity, Digital Forensics, Python","PCB Design, Cyber Defense, Digital Forensics, Cybersecurity, Electronics",Workshop,Offline
U334,"ESP32, Embedded Systems, Circuit Design, PCB Design","Internet of Things, VLSI, Digital Electronics, PCB Design",Hackathon,Offline
U335,"Data Science, Machine Learning, Deep Learning, Python","NLP, Computer Vision, Data Science, Artificial Intelligence",Bootcamp,Online
U336,"Generative AI, Machine Learning, Data Analytics","Artificial Intelligence, Data Analytics, NLP, Generative AI",Bootcamp,Offline
U337,"Project Management, Graphic Design, Communication, API Development, HTML/CSS, SQL","Open Source, Web Development, 3D Design, Software Engineering, Graphic Design",Hackathon,Online
U338,"Backend Development, API Development, Web Development","Software Engineering, Open Source, Frontend Development, Web Development","Hackathon, Bootcamp",Offline
U339,"Circuit Design, ESP32, Digital Electronics, PCB Design, Robotics, Drone Technology","PCB Design, Smart Devices, Internet of Things, Electronics",Hackathon,Online
U340,"JavaScript, Frontend Development, SQL, Backend Development","Web Development, App Development, Software Engineering","Workshop, Bootcamp",Both
U341,"Marketing, Digital Marketing, Entrepreneurship, Public Speaking, Leadership","Entrepreneurship, Marketing, Product Management, Innovation",Webinar,Both
U342,"Cloud Computing, Linux, Problem Solving, Kubernetes, Docker","Cloud Architecture, DevOps, Cloud Computing",Bootcamp,Offline
U343,"Node.js, React, Marketing, Frontend Development, SQL","Web Development, Leadership, Frontend Development, Backend Development, Public Speaking",Project Exhibition,Both
U344,"VLSI, Arduino, Embedded Systems, ESP32, Digital Electronics","PCB Design, Microcontrollers, Electronics","Hackathon, Workshop",Both
U345,"VLSI, PCB Design, Embedded Systems","Digital Electronics, Embedded Systems, PCB Design, VLSI","Seminar, Hackathon",Offline
U346,"Linux, Cryptography, Python, Leadership, Electronics","Network Security, Internet of Things, Cybersecurity, Digital Electronics",Seminar,Both
U347,"Communication, Content Creation, UI/UX Design","3D Design, UI/UX, Animation","Workshop, Project Exhibition",Online
U348,"Embedded Systems, VLSI, Leadership, Arduino","VLSI, Internet of Things, Digital Electronics",Hackathon,Both
U349,"PCB Design, Arduino, Raspberry Pi, Electronics, ESP32, Internet of Things","Digital Electronics, Automation, PCB Design",Competition,Offline
U350,"Problem Solving, Azure, Docker, AWS","DevOps, Software Engineering, Cloud Architecture, Cloud Computing",Bootcamp,Both
U351,"Circuit Design, Digital Electronics, VLSI, Actuators, Microcontrollers","Electronics, Microcontrollers, Drones, VLSI, Robotics",Competition,Both
U352,"Teamwork, Cybersecurity, Communication, Data Analytics","Startups, Data Analytics, Digital Forensics, Ethical Hacking",Hackathon,Online
U353,"SQL, App Development, Teamwork, Node.js, Docker, TypeScript","Cloud Computing, Open Source, Backend Development, Software Engineering","Project Exhibition, Hackathon",Both
U354,"VLSI, Digital Electronics, Arduino, Electronics","Electronics, Microcontrollers, Internet of Things",Hackathon,Both
U355,"VLSI, Circuit Design, Digital Electronics, Embedded Systems","Internet of Things, Digital Electronics, PCB Design, VLSI",Project Exhibition,Offline
U356,"React, HTML/CSS, TypeScript, SQL, Backend Development","Frontend Development, Web Development, Backend Development",Project Exhibition,Offline
U357,"DevOps, Linux, Docker, Problem Solving, Kubernetes, Cybersecurity","Cloud Computing, Ethical Hacking, Cybersecurity, DevOps","Seminar, Competition",Both
U358,"Software Development, SQL, JavaScript","App Development, Frontend Development, Backend Development, Open Source",Workshop,Offline
U359,"Azure, Software Development, Kubernetes, AWS","Software Engineering, Cloud Computing, Cloud Architecture, DevOps",Conference,Offline
U360,"Ethical Hacking, Cryptography, Python, Digital Forensics","Ethical Hacking, Cyber Defense, Cybersecurity, Digital Forensics",Workshop,Offline
U361,"Public Speaking, Project Management, Leadership, Teamwork","Entrepreneurship, Marketing, Leadership",Career Fair,Both
U362,"Problem Solving, Raspberry Pi, Embedded Systems, Data Science, Natural Language Processing","Artificial Intelligence, Autonomous Systems, Computer Vision, Internet of Things, Generative AI",Competition,Offline
U363,"Node.js, Web Development, Backend Development, Frontend Development","Frontend Development, Backend Development, App Development",Bootcamp,Offline
U364,"Animation, 3D Design, Video Editing, CAD, Technical Writing","Animation, 3D Design, Graphic Design",Conference,Both
U365,"Generative AI, Machine Learning, Natural Language Processing","NLP, Computer Vision, Data Science, Artificial Intelligence",Hackathon,Offline
U366,"Arduino, Robotics, Robot Programming, Automation","Drones, Internet of Things, Automation, Robotics","Project Exhibition, Hackathon",Offline
U367,"React, Problem Solving, Backend Development, Content Creation, SQL","Graphic Design, Open Source, Web Development",Hackathon,Both
U368,"CAD, UI/UX Design, Content Creation, 3D Design, Animation","Animation, 3D Design, UI/UX",Workshop,Both
U369,"Digital Forensics, Embedded Systems, Linux, Cryptography","Cybersecurity, Internet of Things, Digital Forensics","Workshop, Competition",Online
U370,"Cryptography, Machine Learning, Network Security, Problem Solving, Linux","Digital Forensics, Generative AI, Data Science, Cybersecurity, Cyber Defense","Hackathon, Bootcamp",Both
U371,"Leadership, Teamwork, Entrepreneurship, Product Management","Marketing, Entrepreneurship, Innovation",Workshop,Both
U372,"Software Development, Python, Project Management, Data Analytics, Data Science","NLP, Machine Learning, Generative AI, Cloud Computing","Hackathon, Bootcamp",Both
U373,"Linux, Cybersecurity, Digital Forensics","Cybersecurity, Network Security, Ethical Hacking",Competition,Offline
U374,"Python, Data Science, SQL","Artificial Intelligence, NLP, Machine Learning",Tech Talk,Offline
U375,"Circuit Design, Microcontrollers, Automation, Robotics, Sensors","Drones, Electronics, Autonomous Systems, VLSI","Workshop, Competition",Offline
U376,"VLSI, Software Development, Circuit Design, Python","Cyber Defense, Microcontrollers, DevOps","Bootcamp, Conference",Offline
U377,"ESP32, PCB Design, Microcontrollers, VLSI","Microcontrollers, VLSI, Electronics","Hackathon, Seminar",Both
U378,"Teamwork, App Development, SQL, Frontend Development","App Development, Leadership, Software Engineering, Marketing",Project Exhibition,Both
U379,"API Development, SQL, Web Development, Backend Development, Frontend Development","Frontend Development, Open Source, App Development, Web Development",Workshop,Both
U380,"Computer Vision, Natural Language Processing, Problem Solving, Azure, Data Science, Generative AI","Cloud Computing, DevOps, Machine Learning, Data Analytics",Bootcamp,Online
U381,"Arduino, Microcontrollers, Internet of Things, Communication, ESP32, Embedded Systems","Digital Electronics, Autonomous Systems, Robotics, VLSI","Hackathon, Competition",Offline
U382,"Digital Forensics, Network Security, Problem Solving, Cybersecurity","Digital Forensics, Ethical Hacking, Cybersecurity, Network Security","Seminar, Competition",Offline
U383,"Digital Electronics, Arduino, Embedded Systems, Electronics","Microcontrollers, Embedded Systems, Internet of Things, Digital Electronics",Seminar,Both
U384,"Ethical Hacking, Linux, Cryptography, Cybersecurity","Digital Forensics, Ethical Hacking, Cybersecurity","Bootcamp, Competition",Online
U385,"HTML/CSS, React, TypeScript, JavaScript, Web Development","Frontend Development, Software Engineering, Backend Development",Bootcamp,Both
U386,"Innovation, Teamwork, Business Strategy, Entrepreneurship, Public Speaking","Marketing, Product Management, Leadership",Workshop,Both
U387,"Arduino, Python, Generative AI, Sensors, Robot Programming","Drones, Data Science, Automation, NLP",Bootcamp,Both
U388,"Graphic Design, Video Editing, UI/UX Design, Animation","Graphic Design, Product Design, 3D Design",Bootcamp,Online
U389,"UI/UX Design, Automation, Content Creation, Graphic Design","Product Design, Graphic Design, Drones, Automation, UI/UX",Project Exhibition,Both
U390,"HTML/CSS, App Development, Azure, DevOps, Software Development","Cloud Architecture, Open Source, Software Engineering, DevOps, Cloud Computing","Bootcamp, Conference",Both
U391,"Node.js, JavaScript, Leadership, Software Development, Web Development","Frontend Development, Leadership, Backend Development, Marketing",Workshop,Online
U392,"Python, Deep Learning, Data Analytics, Natural Language Processing, Computer Vision","Machine Learning, Artificial Intelligence, Data Analytics",Bootcamp,Online
U393,"UI/UX Design, Teamwork, Communication, Embedded Systems, Graphic Design, Content Creation","Animation, 3D Design, Automation","Hackathon, Conference",Offline
U394,"Cloud Computing, Software Development, Azure, DevOps, Docker","DevOps, Cloud Computing, Software Engineering","Workshop, Bootcamp",Online
U395,"SQL, Problem Solving, Technical Writing, Generative AI","Computer Vision, Data Science, Data Analytics","Workshop, Tech Talk",Offline
U396,"Entrepreneurship, Leadership, Marketing, Public Speaking, Digital Marketing","Public Speaking, Leadership, Startups",Workshop,Online
U397,"API Development, Backend Development, React, Software Development, TypeScript, Leadership","Frontend Development, Software Engineering, Backend Development, App Development",Bootcamp,Both
U398,"UI/UX Design, Content Creation, 3D Design, Graphic Design, CAD","Animation, Product Design, Graphic Design",Conference,Online
U399,"Robot Programming, Raspberry Pi, Robotics, Automation, Internet of Things","Autonomous Systems, Automation, Drones","Hackathon, Workshop",Online
U400,"Automation, Raspberry Pi, Sensors","Drones, Robotics, Internet of Things","Hackathon, Workshop",Offline
U401,"Docker, Communication, Machine Learning, AWS, Azure, Data Analytics","Cloud Computing, NLP, DevOps, Generative AI",Hackathon,Offline
U402,"Python, Network Security, Problem Solving, Ethical Hacking, Cybersecurity","Cybersecurity, Digital Forensics, Ethical Hacking",Bootcamp,Offline
U403,"Computer Vision, Machine Learning, Python","Machine Learning, Computer Vision, NLP, Data Science",Conference,Online
U404,"Problem Solving, Digital Forensics, Teamwork, Network Security","Cybersecurity, Digital Forensics, Network Security","Workshop, Competition",Both
U405,"Innovation, Business Strategy, Public Speaking, Product Management","Startups, Public Speaking, Leadership","Conference, Seminar",Online
U406,"Linux, DevOps, Kubernetes","Cloud Architecture, Cloud Computing, DevOps","Webinar, Bootcamp",Online
U407,"Robot Programming, Arduino, Technical Writing, Robotics, Automation, Actuators","Internet of Things, Smart Devices, Autonomous Systems",Competition,Both
U408,"Ethical Hacking, Cryptography, Network Security","Cybersecurity, Network Security, Ethical Hacking","Seminar, Workshop",Online
U409,"Ethical Hacking, Software Development, Leadership, 3D Design, Problem Solving","UI/UX, Digital Forensics, Software Engineering, Frontend Development","Seminar, Project Exhibition",Offline
U410,"Robot Programming, Software Development, Robotics, Marketing","Web Development, Entrepreneurship, Public Speaking, Robotics",Project Exhibition,Offline
U411,"Actuators, Robotics, Raspberry Pi, Arduino, Automation","Smart Devices, Drones, Autonomous Systems, Robotics",Hackathon,Online
U412,"Microcontrollers, Graphic Design, CAD, Cloud Computing, Communication","Product Design, Embedded Systems, PCB Design, DevOps, Cloud Architecture","Workshop, Bootcamp",Both
U413,"Innovation, HTML/CSS, React, Business Strategy, Backend Development, SQL","Leadership, Open Source, Startups, Frontend Development, Web Development","Project Exhibition, Conference",Online
U414,"Electronics, PCB Design, Circuit Design, Digital Electronics","Electronics, VLSI, Microcontrollers","Project Exhibition, Seminar",Offline
U415,"Software Development, Project Management, Frontend Development, Business Strategy, Teamwork","Startups, Entrepreneurship, Backend Development","Bootcamp, Competition",Online
U416,"UI/UX Design, Communication, Content Creation, 3D Design, Graphic Design","Animation, 3D Design, UI/UX",Bootcamp,Both
U417,"Backend Development, Problem Solving, SQL, API Development","App Development, Web Development, Open Source","Hackathon, Workshop",Offline
U418,"Computer Vision, Data Science, Machine Learning","Artificial Intelligence, Machine Learning, Data Science, NLP","Bootcamp, Workshop",Online
U419,"Problem Solving, DevOps, Azure, Kubernetes, Software Development","Software Engineering, DevOps, Cloud Computing, Cloud Architecture",Tech Talk,Both
U420,"Generative AI, Natural Language Processing, Data Analytics, Machine Learning, Data Science","Generative AI, NLP, Data Science, Data Analytics",Bootcamp,Offline
U421,"AWS, Linux, DevOps","Cloud Computing, DevOps, Software Engineering, Cloud Architecture","Workshop, Webinar",Both
U422,"Problem Solving, Ethical Hacking, Linux, Teamwork","Network Security, Cybersecurity, Ethical Hacking, Digital Forensics","Bootcamp, Seminar",Online
U423,"Data Analytics, Leadership, Data Science, Machine Learning, Python","NLP, Artificial Intelligence, Machine Learning",Conference,Offline
U424,"Arduino, Embedded Systems, Microcontrollers","Internet of Things, VLSI, Drones, Autonomous Systems",Workshop,Offline
U425,"Leadership, Business Strategy, Computer Vision, Problem Solving, Marketing, Project Management","Generative AI, Leadership, Public Speaking, Product Management, NLP",Workshop,Online
U426,"Machine Learning, Sensors, Generative AI, Communication, SQL, Python","Robotics, Data Analytics, Generative AI",Tech Talk,Both
U427,"Public Speaking, Business Strategy, Leadership","Marketing, Product Management, Entrepreneurship, Startups",Conference,Both
U428,"DevOps, TypeScript, Kubernetes, HTML/CSS, App Development","Open Source, Software Engineering, Backend Development, DevOps","Competition, Webinar",Both
U429,"Graphic Design, Communication, Content Creation, 3D Design","3D Design, Product Design, UI/UX",Bootcamp,Both
U430,"Internet of Things, Arduino, Automation","Autonomous Systems, Automation, Drones",Workshop,Offline
U431,"Internet of Things, Actuators, Arduino, Robotics","Smart Devices, Robotics, Internet of Things","Competition, Project Exhibition",Both
U432,"ESP32, Arduino, Cryptography, Digital Electronics, Embedded Systems","Embedded Systems, Microcontrollers, Network Security, VLSI",Project Exhibition,Both
U433,"Machine Learning, Computer Vision, Data Analytics, Arduino, Natural Language Processing","NLP, Drones, Computer Vision",Project Exhibition,Both
U434,"CAD, UI/UX Design, Animation, 3D Design, Content Creation","UI/UX, Animation, 3D Design, Graphic Design","Project Exhibition, Workshop",Both
U435,"Digital Forensics, Embedded Systems, Electronics, Circuit Design","PCB Design, Microcontrollers, Digital Forensics, Cybersecurity","Project Exhibition, Hackathon",Both
U436,"Robotics, Arduino, Internet of Things","Robotics, Autonomous Systems, Internet of Things, Automation",Workshop,Offline
U437,"Software Development, Azure, Docker, Problem Solving","Cloud Computing, DevOps, Cloud Architecture","Workshop, Webinar",Both
U438,"Problem Solving, Computer Vision, Data Analytics, Machine Learning, SQL","Data Science, Data Analytics, Artificial Intelligence, NLP","Conference, Tech Talk",Offline
U439,"UI/UX Design, Video Editing, 3D Design, Content Creation, Graphic Design","Animation, 3D Design, Graphic Design, Product Design","Conference, Project Exhibition",Online
U440,"Electronics, PCB Design, Circuit Design, Arduino, Microcontrollers","VLSI, Internet of Things, Electronics, Digital Electronics",Seminar,Both
U441,"Graphic Design, Animation, Communication, UI/UX Design","UI/UX, Animation, 3D Design",Project Exhibition,Both
U442,"Electronics, Microcontrollers, ESP32","Electronics, PCB Design, VLSI","Workshop, Seminar",Online
U443,"Data Analytics, Project Management, Innovation, SQL, Leadership, Product Management","Entrepreneurship, Artificial Intelligence, Public Speaking, Product Management","Career Fair, Bootcamp",Online
U444,"App Development, React, TypeScript, Software Development, JavaScript","Software Engineering, Frontend Development, App Development",Bootcamp,Online
U445,"Docker, App Development, API Development, SQL","Cloud Architecture, DevOps, App Development, Open Source",Competition,Both
U446,"Natural Language Processing, SQL, Generative AI, Computer Vision, Data Science","Generative AI, Computer Vision, Data Analytics, Data Science",Hackathon,Both
U447,"Data Science, Data Analytics, Embedded Systems, Docker, AWS","Artificial Intelligence, Drones, Cloud Architecture, Internet of Things",Project Exhibition,Offline
U448,"SQL, Machine Learning, Problem Solving, Arduino, Automation, Data Analytics","Robotics, Generative AI, Artificial Intelligence, Data Science","Conference, Workshop",Both
U449,"Network Security, Problem Solving, Cryptography, Digital Forensics, Python","Cybersecurity, Network Security, Digital Forensics",Workshop,Offline
U450,"Actuators, Arduino, Raspberry Pi, Automation, Drone Technology","Internet of Things, Autonomous Systems, Robotics","Hackathon, Workshop",Both
U451,"SQL, React, API Development","Frontend Development, App Development, Backend Development",Bootcamp,Both
U452,"Drone Technology, Raspberry Pi, Robotics, Sensors","Drones, Internet of Things, Autonomous Systems, Automation",Competition,Both
U453,"Arduino, Robotics, Internet of Things, Circuit Design, Electronics","Drones, Robotics, Automation, Electronics","Competition, Workshop",Offline
U454,"Docker, Azure, Communication, AWS","Software Engineering, DevOps, Cloud Computing, Cloud Architecture",Webinar,Offline
U455,"Node.js, Web Development, HTML/CSS","Open Source, Backend Development, Frontend Development, App Development","Project Exhibition, Workshop",Online
U456,"Cryptography, Digital Forensics, Problem Solving, Python, Linux","Network Security, Ethical Hacking, Cyber Defense, Cybersecurity","Bootcamp, Conference",Offline
U457,"Software Development, HTML/CSS, TypeScript, Teamwork, App Development, Node.js","App Development, Backend Development, Frontend Development, Open Source","Workshop, Competition",Offline
U458,"Azure, Kubernetes, AWS, Cloud Computing, Linux","DevOps, Software Engineering, Cloud Computing, Cloud Architecture","Webinar, Conference",Both
U459,"DevOps, Kubernetes, Problem Solving, Docker","DevOps, Cloud Architecture, Cybersecurity, Digital Forensics, Software Engineering","Competition, Seminar",Online
U460,"Product Management, Communication, Digital Marketing, Marketing, Entrepreneurship","Public Speaking, Product Management, Leadership","Workshop, Seminar",Online
U461,"Robotics, Leadership, Arduino, Internet of Things, Sensors","Drones, Automation, Autonomous Systems, Smart Devices",Competition,Offline
U462,"SQL, App Development, React, Technical Writing","Web Development, App Development, Frontend Development, Backend Development",Hackathon,Online
U463,"Data Analytics, Machine Learning, Deep Learning, Data Science, Problem Solving","Data Analytics, Artificial Intelligence, Generative AI",Hackathon,Both
U464,"Project Management, Entrepreneurship, Teamwork","Innovation, Startups, Public Speaking, Leadership","Webinar, Seminar",Offline
U465,"Video Editing, Communication, Animation","3D Design, Graphic Design, Animation, Product Design","Bootcamp, Workshop",Both
U466,"Arduino, VLSI, Electronics, Microcontrollers, Problem Solving, Embedded Systems","PCB Design, VLSI, Internet of Things, Robotics","Workshop, Seminar",Both
U467,"Embedded Systems, Drone Technology, Automation","Internet of Things, Smart Devices, Autonomous Systems",Hackathon,Online
U468,"CAD, Graphic Design, Communication, UI/UX Design","Animation, 3D Design, Product Design","Conference, Bootcamp",Both
U469,"Content Creation, UI/UX Design, Graphic Design, Animation","Product Design, Animation, 3D Design",Conference,Offline
U470,"Arduino, Automation, Problem Solving, Internet of Things, Sensors","Smart Devices, Computer Vision, Automation, Robotics",Competition,Offline
U471,"Graphic Design, Communication, Content Creation, Animation","UI/UX, 3D Design, Product Design, Graphic Design","Project Exhibition, Conference",Both
U472,"Kubernetes, Project Management, Problem Solving, Linux, DevOps","Cloud Computing, Cloud Architecture, Software Engineering",Bootcamp,Both
U473,"Animation, 3D Design, CAD","Animation, UI/UX, 3D Design",Conference,Offline
U474,"CAD, Graphic Design, Video Editing, Communication","Product Design, 3D Design, UI/UX","Bootcamp, Conference",Both
U475,"JavaScript, HTML/CSS, Software Development, TypeScript, Node.js","App Development, Web Development, Backend Development",Bootcamp,Offline
U476,"Drone Technology, Embedded Systems, ESP32, Arduino, PCB Design, Microcontrollers","VLSI, Robotics, Electronics, Embedded Systems",Project Exhibition,Both
U477,"Machine Learning, SQL, Natural Language Processing, Deep Learning, Python","Artificial Intelligence, Data Science, Computer Vision, Data Analytics","Hackathon, Workshop",Offline
U478,"Animation, Video Editing, CAD, Content Creation, UI/UX Design","Animation, UI/UX, 3D Design","Bootcamp, Project Exhibition",Offline
U479,"Graphic Design, Content Creation, UI/UX Design","3D Design, Animation, Graphic Design","Project Exhibition, Bootcamp",Both
U480,"Kubernetes, Network Security, Linux, Docker, Cloud Computing, Problem Solving","Software Engineering, DevOps, Cyber Defense",Workshop,Offline
U481,"PCB Design, Arduino, Digital Electronics, Circuit Design","Embedded Systems, Internet of Things, Digital Electronics","Competition, Seminar",Both
U482,"Web Development, JavaScript, TypeScript, App Development","Web Development, Software Engineering, Frontend Development","Workshop, Hackathon",Both
U483,"Internet of Things, Arduino, Automation, Embedded Systems","Smart Devices, Drones, Automation",Project Exhibition,Offline
U484,"Python, Deep Learning, Data Analytics, Generative AI, Digital Forensics","NLP, Cyber Defense, Artificial Intelligence, Data Science",Competition,Offline
U485,"Problem Solving, Azure, SQL, Cloud Computing, Kubernetes","DevOps, Cloud Architecture, App Development","Workshop, Competition",Offline
U486,"Arduino, Circuit Design, Electronics","Microcontrollers, Internet of Things, VLSI, Embedded Systems",Seminar,Offline
U487,"Marketing, Project Management, Product Management, Digital Marketing","Entrepreneurship, Leadership, Public Speaking, Startups",Career Fair,Both
U488,"Problem Solving, Python, Data Analytics, Communication, SQL","Data Analytics, Artificial Intelligence, Generative AI",Tech Talk,Both
U489,"Teamwork, Deep Learning, Generative AI, Data Analytics, Project Management, Computer Vision, Communication","Entrepreneurship, Machine Learning, Data Science, Data Analytics",Workshop,Both
U490,"Digital Marketing, Communication, Leadership, Teamwork, Public Speaking","Marketing, Public Speaking, Product Management, Leadership",Conference,Both
U491,"AWS, Kubernetes, DevOps, Linux","Cloud Architecture, Cloud Computing, Software Engineering, DevOps","Conference, Webinar",Offline
U492,"Computer Vision, Data Science, SQL","Artificial Intelligence, Machine Learning, Generative AI, NLP","Hackathon, Workshop",Both
U493,"Problem Solving, Data Analytics, Data Science, Natural Language Processing","Data Science, Artificial Intelligence, Machine Learning, Data Analytics","Tech Talk, Bootcamp",Both
U494,"Cybersecurity, Python, Cryptography, Digital Forensics, Ethical Hacking","Ethical Hacking, Network Security, Cybersecurity","Workshop, Competition",Online
U495,"Ethical Hacking, Cryptography, Cybersecurity, Linux, Network Security","Network Security, Digital Forensics, Cybersecurity, Ethical Hacking",Bootcamp,Offline
U496,"Video Editing, Graphic Design, Marketing, UI/UX Design","3D Design, Marketing, UI/UX",Seminar,Offline
U497,"SQL, AWS, Docker, Linux, Problem Solving, Software Development","Software Engineering, Cloud Architecture, Open Source",Bootcamp,Both
U498,"Node.js, Technical Writing, TypeScript, Backend Development, API Development","Open Source, Web Development, App Development",Workshop,Both
U499,"CAD, Web Development, App Development, React","Backend Development, Frontend Development, 3D Design","Workshop, Bootcamp",Both
U500,"Cloud Computing, Software Development, Azure, Problem Solving, AWS","DevOps, Cloud Computing, Software Engineering, Cloud Architecture",Tech Talk,Both
U501,"3D Design, Animation, AWS, Digital Electronics","Cloud Architecture, Animation, DevOps, Microcontrollers, Graphic Design","Conference, Workshop",Offline
U502,"Machine Learning, Business Strategy, Problem Solving, Teamwork","Product Management, Graphic Design, Marketing",Project Exhibition,Online
U503,"Software Development, Computer Vision, JavaScript, Node.js, HTML/CSS","Computer Vision, Software Engineering, Machine Learning, App Development",Hackathon,Online
U504,"API Development, React, Public Speaking, Communication, Teamwork","Graphic Design, Entrepreneurship, Innovation",Seminar,Both
U505,"Project Management, Marketing, Computer Vision, Problem Solving","Leadership, Generative AI, Product Management, Public Speaking",Workshop,Both
U506,"Computer Vision, Problem Solving, SQL, Data Analytics, Machine Learning","Artificial Intelligence, Data Science, Data Analytics",Tech Talk,Both
U507,"Python, Digital Forensics, Ethical Hacking, Digital Electronics, Electronics","Digital Forensics, PCB Design, Cybersecurity, Cyber Defense",Seminar,Offline
U508,"Docker, Communication, Cloud Computing, Azure, CAD","3D Design, Product Design, UI/UX","Conference, Hackathon",Both
U509,"Arduino, Graphic Design, Embedded Systems","Smart Devices, Automation, Drones, Animation, 3D Design","Conference, Project Exhibition",Online
U510,"Leadership, Product Management, Innovation, VLSI","Startups, Product Management, Innovation","Seminar, Tech Talk",Offline
U511,"Arduino, Robot Programming, Sensors","Data Science, Automation, NLP, Drones",Bootcamp,Online
U512,"Azure, Kubernetes, Software Development, Data Science","DevOps, Software Engineering, Cloud Architecture, Automation",Workshop,Offline
U513,"Cybersecurity, PCB Design, ESP32, VLSI, Internet of Things","Electronics, Ethical Hacking, Network Security","Bootcamp, Workshop",Online
U514,"Problem Solving, AWS, Azure, Docker, Graphic Design, CAD","Product Design, 3D Design, Animation, DevOps","Bootcamp, Conference",Online
U515,"PCB Design, Arduino, Drone Technology","Embedded Systems, Digital Forensics, VLSI",Project Exhibition,Both
U516,"Computer Vision, Data Science, Machine Learning, Automation","Machine Learning, NLP, Data Science","Bootcamp, Workshop",Both
U517,"Kubernetes, Data Analytics, Linux, Cloud Computing","Software Engineering, Machine Learning, Cloud Architecture, DevOps",Workshop,Online
U518,"Python, Cybersecurity, Ethical Hacking","Cyber Defense, Digital Forensics, Network Security, Machine Learning, DevOps","Conference, Workshop",Both
U519,"Problem Solving, Raspberry Pi, Python","Autonomous Systems, Machine Learning, NLP, Computer Vision","Hackathon, Conference",Offline
U520,"Problem Solving, Machine Learning, SQL, Computer Vision, Generative AI","Data Science, Data Analytics, Computer Vision",Tech Talk,Both
U521,"Microcontrollers, PCB Design, Embedded Systems, Electronics, Arduino, Circuit Design","PCB Design, Electronics, Microcontrollers, Digital Electronics",Project Exhibition,Both
U522,"Automation, Actuators, Raspberry Pi, Arduino","Drones, Smart Devices, Internet of Things","Project Exhibition, Conference",Offline
U523,"Cryptography, Linux, Animation, Network Security, CAD, 3D Design","UI/UX, Digital Forensics, Network Security, Cybersecurity",Workshop,Offline
U524,"Problem Solving, Computer Vision, Cryptography, Data Science, Machine Learning","Digital Forensics, Network Security, Artificial Intelligence, Data Analytics","Hackathon, Competition",Offline
U525,"Embedded Systems, Graphic Design, Marketing, UI/UX Design, Microcontrollers","PCB Design, Electronics, Marketing",Seminar,Both
U526,"Azure, Software Development, Docker","Cloud Computing, DevOps, Cloud Architecture, Automation",Workshop,Offline
U527,"Internet of Things, Arduino, Automation, Embedded Systems, Python, Cryptography","Automation, Smart Devices, Drones",Project Exhibition,Online
U528,"Natural Language Processing, Data Analytics, Problem Solving, Python","Generative AI, Artificial Intelligence, Data Science",Bootcamp,Both
U529,"Kubernetes, Problem Solving, Docker, Linux, Cloud Computing, Network Security","Software Engineering, DevOps, Cyber Defense, Innovation","Workshop, Seminar",Online
U530,"Drone Technology, Raspberry Pi, Robotics, Sensors, Video Editing","Automation, Autonomous Systems, Internet of Things",Competition,Offline
U531,"Electronics, PCB Design, Circuit Design, Digital Electronics, Python","Electronics, VLSI, Microcontrollers, UI/UX",Project Exhibition,Both
U532,"Problem Solving, Docker, AWS, Linux","Ethical Hacking, Cloud Computing, Cyber Defense","Bootcamp, Conference",Online
U533,"SQL, UI/UX Design, TypeScript","Graphic Design, App Development, Generative AI, Computer Vision",Competition,Both
U534,"Raspberry Pi, Robotics, Cybersecurity","Digital Forensics, Ethical Hacking, Robotics","Competition, Workshop",Both
U535,"Robotics, Electronics, Arduino, Internet of Things, Circuit Design","Microcontrollers, Robotics, Electronics, Drones",Competition,Online
U536,"Robotics, Animation, Internet of Things, Content Creation, Leadership, UI/UX Design","Autonomous Systems, Animation, Smart Devices",Project Exhibition,Both
U537,"Graphic Design, CAD, Video Editing, Communication","Product Design, UI/UX, 3D Design","Conference, Bootcamp",Offline
U538,"Problem Solving, Network Security, Python","Ethical Hacking, Digital Forensics, Cybersecurity","Competition, Workshop",Both
U539,"Data Science, Cryptography, Ethical Hacking","Cloud Architecture, Network Security, Artificial Intelligence, Ethical Hacking","Workshop, Seminar",Both
U540,"Python, Communication, Computer Vision, Problem Solving, Project Management","Computer Vision, Generative AI, NLP, Machine Learning",Workshop,Offline
U541,"Actuators, Robot Programming, Animation, Problem Solving","UI/UX, Automation, Drones, Robotics","Workshop, Project Exhibition",Offline
U542,"Node.js, Internet of Things, Sensors","Drones, Automation, Backend Development, App Development",Hackathon,Both
U543,"Kubernetes, DevOps, Digital Marketing","Cloud Architecture, Product Management, Cloud Computing, Software Engineering","Bootcamp, Webinar",Both
U544,"SQL, Deep Learning, Project Management, Problem Solving, Linux","Computer Vision, Generative AI, Data Analytics","Workshop, Hackathon",Both
U545,"Linux, Embedded Systems, Digital Electronics, ESP32, Animation","Embedded Systems, Ethical Hacking, Electronics","Workshop, Conference",Both
U546,"Communication, Business Strategy, Leadership, Innovation","Startups, Marketing, Leadership","Webinar, Hackathon",Online
U547,"React, TypeScript, HTML/CSS, JavaScript","Frontend Development, Software Engineering, Backend Development, Digital Forensics","Bootcamp, Tech Talk",Offline
U548,"Cloud Computing, DevOps, Software Development, Docker, Azure","Cloud Computing, Software Engineering, DevOps",Workshop,Online
U549,"Communication, Animation, UI/UX Design, Graphic Design, Kubernetes, AWS","UI/UX, Animation, Graphic Design, Embedded Systems",Conference,Both
U550,"Arduino, Raspberry Pi, Robotics, Automation, Actuators","Drones, Autonomous Systems, Robotics, Smart Devices","Hackathon, Conference",Online
U551,"Internet of Things, Actuators, Arduino, Robotics, Cybersecurity","Internet of Things, Smart Devices, Robotics",Project Exhibition,Online
U552,"Innovation, Graphic Design, Embedded Systems, Raspberry Pi, Communication","Marketing, Drones, Product Design",Conference,Offline
U553,"Raspberry Pi, Problem Solving, Natural Language Processing","Internet of Things, Computer Vision, Generative AI",Competition,Offline
U554,"SQL, Problem Solving, Deep Learning, Drone Technology, Natural Language Processing","Generative AI, Internet of Things, Computer Vision",Project Exhibition,Both
U555,"Entrepreneurship, Public Speaking, Business Strategy, Innovation","Marketing, Product Management, Leadership, Cloud Architecture","Workshop, Bootcamp",Online
U556,"Marketing, React, SQL, JavaScript, Frontend Development","Leadership, Public Speaking, Backend Development, Open Source",Project Exhibition,Both
U557,"Video Editing, 3D Design, Communication, CAD","UI/UX, Product Design, 3D Design",Project Exhibition,Both
U558,"Video Editing, 3D Design, Graphic Design, Business Strategy, Content Creation, Robotics","Product Management, Graphic Design, Animation, 3D Design","Seminar, Tech Talk",Offline
U559,"Digital Forensics, Network Security, Problem Solving, Linux, Data Analytics","Digital Forensics, Cyber Defense, Network Security, Ethical Hacking",Bootcamp,Offline
U560,"Linux, CAD, Animation, Embedded Systems","DevOps, 3D Design, Product Design","Webinar, Hackathon",Both
U561,"TypeScript, Communication, HTML/CSS, Content Creation, Drone Technology, Python","Autonomous Systems, App Development, Frontend Development, Product Design, Drones","Competition, Project Exhibition",Both
U562,"Linux, Network Security, Digital Forensics","Network Security, Cybersecurity, Cyber Defense, Generative AI, DevOps",Competition,Online
U563,"PCB Design, ESP32, Communication, Cybersecurity, VLSI, Video Editing","Electronics, Ethical Hacking, Leadership, 3D Design",Hackathon,Both
U564,"Ethical Hacking, Cryptography, Cybersecurity, Linux, Network Security, ESP32","Ethical Hacking, Digital Forensics, Cybersecurity",Bootcamp,Offline
U565,"Machine Learning, Generative AI, Communication, Python, Sensors, SQL","Robotics, Data Analytics, Generative AI, Frontend Development","Tech Talk, Workshop",Both
U566,"3D Design, Video Editing, Software Development, Graphic Design, Business Strategy","3D Design, Cloud Architecture, Graphic Design, Cloud Computing, Product Management",Tech Talk,Offline
U567,"Content Creation, Animation, Embedded Systems, Cryptography, UI/UX Design, Graphic Design","Cybersecurity, Animation, Digital Forensics, UI/UX","Competition, Workshop",Offline
U568,"Network Security, Linux, Python, Kubernetes","Ethical Hacking, Cloud Computing, NLP","Webinar, Workshop",Online
U569,"3D Design, Natural Language Processing, Cryptography, SQL, Robot Programming, UI/UX Design","Generative AI, App Development, Autonomous Systems, Robotics, Ethical Hacking",Project Exhibition,Offline
U570,"Software Development, Azure, HTML/CSS, DevOps, App Development","Open Source, Software Engineering, Cloud Architecture, Cloud Computing","Bootcamp, Conference",Online
U571,"Digital Forensics, Leadership, App Development, Embedded Systems, React, CAD","Backend Development, Internet of Things, 3D Design",Bootcamp,Both
U572,"Cybersecurity, PCB Design, ESP32, VLSI, Robotics","Electronics, Embedded Systems, Microcontrollers",Bootcamp,Offline
U573,"Deep Learning, SQL, Communication, Teamwork","Startups, Generative AI, Data Science, Computer Vision",Workshop,Both
U574,"Azure, Project Management, Linux, DevOps, Cloud Computing","Software Engineering, Cloud Architecture, DevOps",Webinar,Offline
U575,"Problem Solving, UI/UX Design, Content Creation, React, Teamwork","App Development, UI/UX, Software Engineering","Hackathon, Project Exhibition",Both
U576,"AWS, Azure, Docker","Software Engineering, DevOps, Cloud Architecture, Cloud Computing",Bootcamp,Offline
U577,"Raspberry Pi, Embedded Systems, Problem Solving, Actuators, Drone Technology","Autonomous Systems, Internet of Things, Computer Vision, Drones, Artificial Intelligence",Competition,Both
U578,"Video Editing, Product Management, PCB Design, Communication, Embedded Systems","Startups, Leadership, 3D Design",Project Exhibition,Both
U579,"Software Development, Kubernetes, Azure","DevOps, Software Engineering, Cloud Architecture, Smart Devices, Automation","Workshop, Conference",Offline
U580,"Python, Problem Solving, Linux, Digital Forensics","Network Security, Cybersecurity, Cyber Defense",Bootcamp,Both
U581,"VLSI, PCB Design, Embedded Systems, DevOps, AWS","Embedded Systems, VLSI, PCB Design, Digital Electronics","Seminar, Hackathon",Both
U582,"AWS, Software Development, Kubernetes, Docker, Problem Solving, Linux","Software Engineering, DevOps, Cloud Computing, Cloud Architecture",Workshop,Offline
U583,"Communication, Robotics, Robot Programming, Raspberry Pi","Drones, UI/UX, Robotics",Conference,Online
U584,"AWS, ESP32, Circuit Design","Electronics, VLSI, Cloud Computing",Hackathon,Both
U585,"Digital Marketing, Communication, Business Strategy, Drone Technology, Embedded Systems, Project Management","Marketing, Public Speaking, Leadership, Software Engineering",Workshop,Both
U586,"Software Development, SQL, JavaScript, Computer Vision, Deep Learning","Frontend Development, Open Source, App Development, Backend Development",Workshop,Offline
U587,"Actuators, Robotics, Internet of Things, UI/UX Design","Animation, Internet of Things, 3D Design, Robotics","Bootcamp, Project Exhibition",Both
U588,"Actuators, SQL, Computer Vision, Embedded Systems","NLP, Leadership, Computer Vision, Smart Devices",Project Exhibition,Online
U589,"AWS, Kubernetes, Data Analytics, SQL, Web Development","Frontend Development, Generative AI, Cloud Computing",Competition,Offline
U590,"Embedded Systems, PCB Design, Microcontrollers","Electronics, Embedded Systems, Digital Electronics, VLSI","Seminar, Tech Talk",Offline
U591,"Data Science, Natural Language Processing, Embedded Systems, Problem Solving","Internet of Things, Artificial Intelligence, Generative AI, Autonomous Systems",Competition,Offline
U592,"Technical Writing, Sensors, Automation, Embedded Systems, Robotics, AWS","Smart Devices, Robotics, Autonomous Systems","Workshop, Competition",Online
U593,"App Development, Software Development, Linux, SQL","Backend Development, Web Development, DevOps",Webinar,Both
U594,"Web Development, Node.js, HTML/CSS","Backend Development, Frontend Development, App Development, Open Source",Project Exhibition,Both
U595,"Embedded Systems, Electronics, ESP32, Circuit Design, PCB Design, Azure","VLSI, Internet of Things, Digital Electronics","Project Exhibition, Workshop",Both
U596,"Communication, 3D Design, Python","Graphic Design, 3D Design, Leadership, UI/UX","Seminar, Project Exhibition",Online
U597,"React, API Development, Problem Solving, Frontend Development, Graphic Design","Generative AI, Web Development, App Development, Machine Learning",Project Exhibition,Both
U598,"Software Development, Node.js, Frontend Development, React, Web Development","Software Engineering, Backend Development, Web Development, Machine Learning","Hackathon, Competition",Offline
U599,"Azure, Docker, AWS, Problem Solving","Cloud Architecture, Cloud Computing, DevOps, Software Engineering",Conference,Online
U600,"Backend Development, Marketing, Leadership, API Development, Web Development, Problem Solving","NLP, Product Management, Web Development","Hackathon, Workshop",Online
U601,"Video Editing, UI/UX Design, Backend Development","UI/UX, 3D Design, App Development, Startups, Entrepreneurship",Workshop,Online
U602,"Problem Solving, Video Editing, Data Analytics, 3D Design","3D Design, Internet of Things, NLP, UI/UX",Project Exhibition,Both
U603,"Network Security, Digital Forensics, Graphic Design, Problem Solving, CAD, Communication","Cybersecurity, Product Design, Network Security",Conference,Online
U604,"Cryptography, Linux, Network Security, SQL, Node.js, API Development","Network Security, Cybersecurity, Digital Forensics, 3D Design","Workshop, Project Exhibition",Offline
U605,"Cryptography, Cybersecurity, Linux, Ethical Hacking","Digital Forensics, Cybersecurity, Ethical Hacking","Bootcamp, Competition",Online
U606,"Linux, Problem Solving, Digital Forensics, Embedded Systems, Video Editing","Digital Forensics, Ethical Hacking, Network Security, Cybersecurity",Bootcamp,Offline
U607,"Deep Learning, Natural Language Processing, Machine Learning","NLP, Machine Learning, Ethical Hacking, Generative AI",Conference,Online
U608,"Linux, Cybersecurity, Digital Forensics, UI/UX Design","Network Security, Ethical Hacking, Cybersecurity",Competition,Online
U609,"Embedded Systems, VLSI, Microcontrollers, Linux, Cryptography","Microcontrollers, Electronics, PCB Design",Hackathon,Offline
U610,"Machine Learning, Computer Vision, Generative AI","Machine Learning, Computer Vision, Data Science, Backend Development","Project Exhibition, Tech Talk",Both
U611,"Innovation, Teamwork, Business Strategy","Entrepreneurship, Product Management, Leadership, Startups, Robotics",Conference,Both
U612,"Digital Forensics, Problem Solving, Linux, Ethical Hacking, Teamwork","Cybersecurity, Cyber Defense, Ethical Hacking, Network Security, Digital Forensics","Conference, Competition",Online
U613,"Digital Forensics, Teamwork, Network Security, Problem Solving","Cybersecurity, Digital Forensics, Network Security","Workshop, Competition",Offline
U614,"Digital Forensics, Network Security, Problem Solving, Cybersecurity","Digital Forensics, Ethical Hacking, Cybersecurity, Network Security, Product Design",Seminar,Offline
U615,"Embedded Systems, Problem Solving, Electronics","Robotics, Internet of Things, PCB Design, VLSI",Seminar,Both
U616,"Electronics, Microcontrollers, ESP32","Microcontrollers, Embedded Systems, Digital Electronics, Digital Forensics","Competition, Tech Talk",Offline
U617,"HTML/CSS, Software Development, Embedded Systems, React, Frontend Development, Microcontrollers","VLSI, Frontend Development, Software Engineering",Bootcamp,Online
U618,"Arduino, Digital Forensics, VLSI, Circuit Design","Digital Forensics, Internet of Things, Cybersecurity, Autonomous Systems, Robotics",Seminar,Online
U619,"Microcontrollers, ESP32, Digital Electronics","Embedded Systems, PCB Design, Microcontrollers, Cyber Defense",Hackathon,Online
U620,"Python, HTML/CSS, SQL","App Development, Ethical Hacking, Open Source, Web Development","Bootcamp, Hackathon",Offline
U621,"Data Analytics, Arduino, SQL, Machine Learning, Problem Solving","Artificial Intelligence, Robotics, Data Science, Generative AI",Workshop,Offline
U622,"Public Speaking, Innovation, Actuators, Raspberry Pi, Project Management","Smart Devices, Product Management, Public Speaking, Marketing, Internet of Things",Seminar,Both
U623,"Ethical Hacking, Teamwork, Python, Entrepreneurship, Innovation, Digital Forensics","Cybersecurity, Marketing, Startups, Digital Forensics",Workshop,Offline
U624,"Machine Learning, Data Analytics, Problem Solving, SQL","Generative AI, Data Analytics, Data Science",Bootcamp,Both
U625,"Automation, Embedded Systems, Teamwork, Internet of Things, Actuators","Drones, Internet of Things, Autonomous Systems","Workshop, Conference",Online
U626,"Circuit Design, Embedded Systems, Digital Electronics, VLSI, Microcontrollers","Microcontrollers, Internet of Things, VLSI, Digital Electronics",Seminar,Online
U627,"Problem Solving, Digital Forensics, PCB Design, Python, Digital Electronics","Network Security, VLSI, Ethical Hacking","Bootcamp, Competition",Online
U628,"Python, Deep Learning, Data Analytics, Natural Language Processing, Computer Vision, Problem Solving","Machine Learning, Artificial Intelligence, Data Analytics, Cloud Architecture","Bootcamp, Seminar",Offline
U629,"Sensors, Robotics, Raspberry Pi, PCB Design, Electronics, Digital Electronics","Internet of Things, Drones, Robotics, Automation",Competition,Both
U630,"Natural Language Processing, Public Speaking, Project Management, Product Management","Innovation, Product Management, Data Science, Animation","Workshop, Conference",Both
U631,"Cybersecurity, Cryptography, Network Security, Linux, Ethical Hacking","Network Security, Digital Forensics, Ethical Hacking","Bootcamp, Conference",Online
U632,"Problem Solving, Computer Vision, Cybersecurity, Cryptography, 3D Design","Digital Forensics, Network Security, Artificial Intelligence, Generative AI",Competition,Both
U633,"Project Management, Communication, Natural Language Processing","Innovation, Product Management, Data Science, Autonomous Systems","Workshop, Conference",Online
U634,"Raspberry Pi, Actuators, Embedded Systems, Data Analytics, Robotics, Problem Solving, Deep Learning","Data Science, Generative AI, NLP, Drones","Bootcamp, Project Exhibition",Online
U635,"CAD, Content Creation, Video Editing, UI/UX Design, Animation, SQL","Animation, Product Design, UI/UX",Project Exhibition,Both
U636,"HTML/CSS, Problem Solving, Node.js, Web Development, React, Frontend Development","Data Analytics, Web Development, Backend Development, Machine Learning",Workshop,Offline
U637,"Communication, Innovation, Leadership, Entrepreneurship, Digital Marketing","Public Speaking, Product Management, Marketing",Workshop,Offline
U638,"Machine Learning, Computer Vision, Digital Marketing, Data Science, Public Speaking","Leadership, Data Science, UI/UX, Innovation",Tech Talk,Online
U639,"Communication, Backend Development, Project Management, Marketing, Digital Marketing","Entrepreneurship, Public Speaking, App Development, Product Management","Bootcamp, Webinar",Offline
U640,"Internet of Things, Digital Electronics, Embedded Systems","Autonomous Systems, Graphic Design, 3D Design","Workshop, Competition",Offline
U641,"App Development, API Development, Node.js, Software Development, Backend Development","App Development, Web Development, Backend Development",Competition,Both
U642,"Linux, DevOps, Kubernetes, Communication","Cloud Architecture, Cloud Computing, DevOps, PCB Design",Bootcamp,Offline
U643,"Kubernetes, Software Development, Cybersecurity, Python, AWS, Problem Solving","Cloud Computing, Cyber Defense, Software Engineering",Tech Talk,Online
U644,"Cybersecurity, Linux, Kubernetes, AWS","Digital Forensics, Cloud Computing, Network Security, DevOps","Tech Talk, Project Exhibition",Online
U645,"Problem Solving, Technical Writing, Generative AI","Computer Vision, Data Science, Data Analytics, NLP, Software Engineering",Workshop,Both
U646,"AWS, Software Development, Kubernetes, Deep Learning, VLSI","Cloud Architecture, Computer Vision, Software Engineering, Cloud Computing",Tech Talk,Both
U647,"Software Development, API Development, JavaScript, Backend Development, Network Security","Web Development, Open Source, App Development",Competition,Both
U648,"Communication, Problem Solving, SQL","Animation, Frontend Development, Backend Development",Conference,Offline
U649,"Web Development, Network Security, Python, JavaScript","Network Security, Frontend Development, Leadership","Workshop, Tech Talk",Offline
U650,"SQL, Deep Learning, Computer Vision, Natural Language Processing, Python","Artificial Intelligence, NLP, Computer Vision",Conference,Both
U651,"Python, PCB Design, UI/UX Design, 3D Design","3D Design, Graphic Design, Cyber Defense",Seminar,Both
U652,"Computer Vision, Problem Solving, Project Management","Product Management, Smart Devices, NLP, Public Speaking",Workshop,Both
U653,"Technical Writing, Actuators, Automation, Drone Technology, Python","Generative AI, NLP, Machine Learning, Product Management",Seminar,Online
U654,"Robotics, Arduino, Cloud Computing, Actuators, Automation","Smart Devices, Autonomous Systems, Backend Development","Competition, Conference",Online
U655,"Software Development, Cloud Computing, Azure","Software Engineering, Cloud Architecture, Cloud Computing","Conference, Webinar",Online
U656,"CAD, Communication, AWS, Teamwork","Cloud Computing, Leadership, Animation",Bootcamp,Offline
U657,"Product Management, Business Strategy, Problem Solving, ESP32, Linux","Internet of Things, Startups, Entrepreneurship",Seminar,Online
U658,"Problem Solving, Leadership, Project Management","Machine Learning, Marketing, Data Science","Webinar, Career Fair",Online
U659,"Software Development, Frontend Development, SQL, Teamwork, Backend Development","Software Engineering, Backend Development, Open Source, Autonomous Systems",Bootcamp,Offline
U660,"Network Security, Ethical Hacking, Digital Forensics, Cryptography, Machine Learning","Ethical Hacking, Digital Forensics, Network Security",Conference,Both
U661,"Teamwork, Animation, UI/UX Design","Graphic Design, Data Analytics, Cybersecurity",Competition,Both
U662,"Marketing, Project Management, Communication","Product Management, Leadership, Entrepreneurship, Marketing","Conference, Competition",Offline
U663,"Communication, Python, Digital Marketing, Data Analytics, Project Management","Machine Learning, NLP, Leadership, Marketing",Seminar,Offline
U664,"Electronics, Microcontrollers, ESP32, Embedded Systems, Robotics","Microcontrollers, Embedded Systems, Digital Electronics, Product Management",Competition,Both
U665,"Linux, Electronics, Arduino, DevOps","Internet of Things, VLSI, Cloud Computing","Webinar, Seminar",Offline
U666,"Arduino, Embedded Systems, Leadership, VLSI","VLSI, Internet of Things, Digital Electronics, Robotics, Drones","Hackathon, Career Fair",Both
U667,"Robotics, Digital Electronics, Automation","Automation, Smart Devices, PCB Design",Workshop,Both
U668,"Circuit Design, VLSI, PCB Design, Electronics","PCB Design, Digital Electronics, Embedded Systems",Seminar,Online
U669,"Backend Development, Frontend Development, SQL","App Development, Software Engineering, Frontend Development, Open Source",Bootcamp,Online
U670,"Ethical Hacking, Docker, Cryptography","Cybersecurity, Cloud Computing, Cloud Architecture","Conference, Webinar",Online
U671,"App Development, JavaScript, Backend Development, React, Problem Solving","Open Source, Web Development, Backend Development",Project Exhibition,Offline
U672,"Automation, Raspberry Pi, Robotics, Internet of Things, Public Speaking, Business Strategy","Robotics, Autonomous Systems, Smart Devices, Cyber Defense","Hackathon, Workshop",Both
U673,"Digital Electronics, Cybersecurity, Cryptography, ESP32, Problem Solving","Cyber Defense, Digital Electronics, Ethical Hacking",Project Exhibition,Offline
U674,"Embedded Systems, Circuit Design, Digital Electronics, PCB Design, ESP32","Microcontrollers, PCB Design, Internet of Things",Project Exhibition,Offline
U675,"Embedded Systems, PCB Design, Project Management, Drone Technology","Internet of Things, PCB Design, Robotics, Electronics",Workshop,Offline
U676,"3D Design, TypeScript, SQL, UI/UX Design, Natural Language Processing","Generative AI, Graphic Design, App Development",Competition,Both
U677,"Linux, Cryptography, Digital Forensics","Cybersecurity, Internet of Things, Digital Forensics, Artificial Intelligence, Machine Learning",Workshop,Online
U678,"Technical Writing, Generative AI, SQL, Problem Solving","Computer Vision, Data Science, Data Analytics, Embedded Systems","Tech Talk, Workshop",Offline
U679,"Digital Electronics, Circuit Design, Microcontrollers, Electronics, Actuators","Electronics, VLSI, Drones",Seminar,Online
U680,"Natural Language Processing, Data Analytics, Problem Solving, Python, Generative AI","Generative AI, Artificial Intelligence, Data Science, Software Engineering, Cloud Computing",Bootcamp,Offline
U681,"Ethical Hacking, AWS, Digital Electronics, Cryptography, Arduino, Azure","Network Security, Cloud Computing, Cloud Architecture",Workshop,Offline
U682,"SQL, App Development, React, Technical Writing, Video Editing","App Development, Web Development, Backend Development, Frontend Development",Hackathon,Online
U683,"HTML/CSS, API Development, Frontend Development, SQL","Software Engineering, Backend Development, Open Source",Competition,Online
U684,"Problem Solving, Ethical Hacking, Internet of Things, Digital Electronics, Embedded Systems","Internet of Things, Ethical Hacking, Digital Electronics, Smart Devices",Conference,Online
U685,"Problem Solving, Cybersecurity, Cryptography, Computer Vision","Digital Forensics, Generative AI, Artificial Intelligence, Network Security",Competition,Both
U686,"Cybersecurity, Problem Solving, Cryptography, Communication, Network Security","Cyber Defense, Cybersecurity, Network Security","Conference, Competition",Offline
U687,"Linux, Kubernetes, AWS, Docker","Software Engineering, Cloud Computing, Cloud Architecture, DevOps",Tech Talk,Offline
U688,"AWS, Network Security, Linux, Cryptography, Kubernetes, Cloud Computing","Digital Forensics, Network Security, Cloud Computing, Ethical Hacking",Conference,Online
U689,"Marketing, Public Speaking, Communication, Deep Learning, Problem Solving","Public Speaking, Product Management, Marketing",Workshop,Online
U690,"Azure, Communication, AWS, Machine Learning, Data Analytics","Artificial Intelligence, Cloud Computing, Generative AI, DevOps","Hackathon, Bootcamp",Online
U691,"Business Strategy, Teamwork, Public Speaking","Product Management, Entrepreneurship, Startups",Conference,Offline
U692,"Entrepreneurship, Public Speaking, Project Management","Public Speaking, Entrepreneurship, Startups, Leadership","Webinar, Competition",Online
U693,"PCB Design, Circuit Design, VLSI, React","Open Source, Frontend Development, Backend Development, VLSI",Workshop,Online
U694,"Marketing, Public Speaking, Entrepreneurship","Public Speaking, Leadership, Startups","Workshop, Conference",Both
U695,"Project Management, Leadership, Teamwork, Public Speaking","Entrepreneurship, Marketing, Leadership, Animation","Career Fair, Competition",Offline
U696,"Node.js, React, UI/UX Design, Content Creation, TypeScript","3D Design, Animation, Backend Development, UI/UX",Project Exhibition,Both
U697,"Electronics, Digital Electronics, Embedded Systems, Arduino","Microcontrollers, Embedded Systems, Internet of Things, Digital Electronics, Animation","Seminar, Conference",Both
U698,"Azure, Natural Language Processing, Computer Vision, Data Science, Cybersecurity","Digital Forensics, DevOps, Cloud Computing, Ethical Hacking, Network Security",Competition,Offline
U699,"AWS, Linux, Kubernetes, Ethical Hacking, Cybersecurity","Network Security, Digital Forensics, DevOps, Cloud Computing",Tech Talk,Online
U700,"App Development, Video Editing, Problem Solving, Animation, React, Teamwork","3D Design, App Development, Software Engineering, Product Design","Bootcamp, Project Exhibition",Online
U701,"Problem Solving, Data Analytics, Data Science, Natural Language Processing, AWS","Data Science, Artificial Intelligence, Data Analytics","Bootcamp, Tech Talk",Offline
U702,"ESP32, Circuit Design, Embedded Systems, Digital Electronics","Embedded Systems, PCB Design, Internet of Things, Microcontrollers","Project Exhibition, Workshop",Online
U703,"UI/UX Design, CAD, Content Creation, Animation","3D Design, Animation, UI/UX","Workshop, Tech Talk",Online
U704,"Marketing, Entrepreneurship, Digital Marketing","Public Speaking, Product Management, Leadership, Cloud Architecture, Cloud Computing","Workshop, Seminar",Offline
U705,"Network Security, Kubernetes, Linux, Problem Solving, Cloud Computing","DevOps, Cyber Defense, Software Engineering",Workshop,Both
U706,"JavaScript, API Development, React, Ethical Hacking, Computer Vision","Backend Development, Software Engineering, Web Development",Competition,Both
U707,"Drone Technology, Cybersecurity, Embedded Systems, Communication, Automation","Smart Devices, Data Analytics, Robotics, Autonomous Systems, Ethical Hacking",Hackathon,Both
U708,"Public Speaking, Business Strategy, Entrepreneurship, Graphic Design, UI/UX Design","Entrepreneurship, Innovation, Startups, Marketing",Workshop,Offline
U709,"Ethical Hacking, Cryptography, Cybersecurity","Network Security, Cybersecurity, Digital Forensics",Conference,Offline
U710,"Leadership, Problem Solving, Software Development, Circuit Design, Embedded Systems, SQL","Embedded Systems, Electronics, PCB Design","Bootcamp, Workshop",Offline
U711,"PCB Design, Electronics, VLSI","Microcontrollers, Embedded Systems, Electronics, Internet of Things",Seminar,Online
U712,"Network Security, Problem Solving, Digital Forensics","Digital Forensics, Ethical Hacking, Cybersecurity",Seminar,Online
U713,"React, Teamwork, Problem Solving, App Development, Web Development","Software Engineering, App Development, Data Science, Digital Forensics",Project Exhibition,Online
U714,"Machine Learning, Natural Language Processing, Data Analytics, Communication","Machine Learning, Generative AI, Artificial Intelligence, Data Analytics",Workshop,Both
U715,"AWS, Software Development, DevOps","Cloud Architecture, DevOps, Software Engineering, Internet of Things",Tech Talk,Both
U716,"CAD, Content Creation, Video Editing, Communication, Animation","Product Design, Animation, 3D Design, Graphic Design",Workshop,Offline
U717,"Communication, 3D Design, Digital Electronics, PCB Design","UI/UX, NLP, Graphic Design, Data Analytics",Bootcamp,Both
U718,"Data Analytics, Innovation, 3D Design, Leadership, Project Management, Product Management","Animation, Public Speaking, Graphic Design, Product Design, Entrepreneurship",Bootcamp,Both
U719,"Robotics, ESP32, PCB Design, Drone Technology, Digital Electronics","PCB Design, Internet of Things, Electronics",Hackathon,Both
U720,"Teamwork, SQL, Animation, Linux, UI/UX Design","Cybersecurity, Graphic Design, Data Analytics, Startups",Conference,Both
U721,"React, JavaScript, Backend Development, SQL","Frontend Development, Software Engineering, App Development, Graphic Design",Competition,Both
U722,"Embedded Systems, Actuators, Internet of Things, Sensors, Arduino","Internet of Things, Drones, Automation","Competition, Hackathon",Both
U723,"Business Strategy, Leadership, Computer Vision","Product Management, Generative AI, NLP","Workshop, Career Fair",Online
U724,"Problem Solving, Cybersecurity, Cryptography, Entrepreneurship, Leadership","Digital Forensics, Network Security, Ethical Hacking","Competition, Seminar",Both
U725,"Problem Solving, Data Science, Data Analytics, Natural Language Processing","Artificial Intelligence, Data Analytics, Data Science, Machine Learning",Bootcamp,Both
U726,"SQL, Generative AI, Computer Vision, Python","Data Science, Data Analytics, Generative AI",Hackathon,Offline
U727,"Problem Solving, Network Security, Cryptography, Machine Learning","Data Science, Cybersecurity, Digital Forensics, Cyber Defense","Hackathon, Bootcamp",Both
U728,"DevOps, UI/UX Design, Content Creation, Azure","Graphic Design, Animation, Software Engineering","Conference, Project Exhibition",Both
U729,"Generative AI, Machine Learning, Data Analytics, Python, Deep Learning","NLP, Data Analytics, Generative AI",Bootcamp,Offline
U730,"Network Security, Software Development, React, Graphic Design","Frontend Development, Network Security, Open Source, Cybersecurity, Ethical Hacking","Seminar, Competition",Both
U731,"Node.js, React, Marketing, Frontend Development, SQL, Teamwork","Leadership, Web Development, Frontend Development, Backend Development","Project Exhibition, Workshop",Online
U732,"Teamwork, 3D Design, Graphic Design, Communication","Data Analytics, Product Design, 3D Design",Project Exhibition,Offline
U733,"Electronics, Problem Solving, Linux, Arduino, Network Security","Cybersecurity, Cyber Defense, Embedded Systems",Seminar,Online
U734,"Graphic Design, UI/UX Design, 3D Design, Problem Solving, Teamwork, Computer Vision","UI/UX, Animation, 3D Design, Ethical Hacking",Conference,Both
U735,"Machine Learning, Data Analytics, Linux","Cyber Defense, Data Science, Computer Vision, Cloud Computing, DevOps",Conference,Offline
U736,"Digital Forensics, Problem Solving, PCB Design, Kubernetes","Embedded Systems, Digital Electronics, Software Engineering, VLSI","Conference, Seminar",Online
U737,"Data Analytics, Machine Learning, Cybersecurity, Python","Cyber Defense, Ethical Hacking, Machine Learning",Workshop,Online
U738,"Circuit Design, Digital Electronics, VLSI, Actuators, Microcontrollers, Graphic Design","Microcontrollers, Drones, Electronics, VLSI",Competition,Offline
U739,"Generative AI, AWS, DevOps, Machine Learning","Cloud Architecture, NLP, Artificial Intelligence, Data Science, Software Engineering",Webinar,Both
U740,"Animation, Marketing, Leadership, Entrepreneurship, Project Management","Marketing, Startups, Product Management",Conference,Offline
U741,"Digital Forensics, Software Development, Kubernetes","Cloud Computing, Software Engineering, Cybersecurity, Cloud Architecture",Seminar,Both
U742,"ESP32, Electronics, PCB Design, Raspberry Pi","Automation, Digital Electronics, PCB Design","Competition, Project Exhibition",Both
U743,"Natural Language Processing, Problem Solving, Python, Cybersecurity, Network Security","NLP, Ethical Hacking, Digital Forensics, Data Science","Bootcamp, Hackathon",Online
U744,"Deep Learning, Natural Language Processing, SQL, Computer Vision, Cybersecurity","Computer Vision, NLP, Data Analytics",Conference,Both
U745,"Graphic Design, Ethical Hacking, Problem Solving, Content Creation, Animation","Product Design, Animation, Cyber Defense",Conference,Offline
U746,"Data Science, Python, Project Management, Software Development","Cloud Computing, NLP, Generative AI, Machine Learning",Bootcamp,Both
U747,"Technical Writing, Frontend Development, Teamwork, Raspberry Pi, SQL","Software Engineering, Automation, Drones, Smart Devices","Competition, Project Exhibition",Offline
U748,"Deep Learning, Natural Language Processing, Python, Generative AI","Generative AI, Artificial Intelligence, Computer Vision, Data Science","Workshop, Bootcamp",Offline
U749,"Automation, Embedded Systems, Robotics, Technical Writing","Robotics, Smart Devices, Autonomous Systems, Product Management",Workshop,Both
U750,"Data Science, Ethical Hacking, Leadership, Natural Language Processing, Digital Forensics, Python","Cybersecurity, Artificial Intelligence, Entrepreneurship","Competition, Tech Talk",Offline
U751,"Software Development, Docker, UI/UX Design, API Development","Cloud Computing, Data Science, UI/UX, Computer Vision","Bootcamp, Competition",Offline
U752,"Ethical Hacking, Cryptography, Network Security","Cybersecurity, Network Security, Ethical Hacking, Data Analytics","Seminar, Workshop",Online
U753,"Content Creation, SQL, React, Problem Solving","Graphic Design, Open Source, Web Development, 3D Design",Hackathon,Online
U754,"Animation, 3D Design, CAD, Problem Solving, DevOps, Project Management","Animation, 3D Design, UI/UX","Conference, Project Exhibition",Online
U755,"Linux, Natural Language Processing, Generative AI, Computer Vision","Software Engineering, NLP, Data Analytics, Generative AI",Conference,Both
U756,"Electronics, Project Management, Embedded Systems, Circuit Design, Drone Technology","PCB Design, Electronics, Robotics","Seminar, Workshop",Online
U757,"Software Development, React, Leadership, Frontend Development, Digital Forensics, Python","Web Development, Backend Development, Software Engineering, Frontend Development","Competition, Hackathon",Online
U758,"Natural Language Processing, SQL, Deep Learning, Computer Vision","NLP, Artificial Intelligence, Computer Vision, Backend Development",Workshop,Offline
U759,"PCB Design, Video Editing, Communication, Product Management","Animation, Embedded Systems, PCB Design",Workshop,Offline
U760,"Linux, Microcontrollers, Embedded Systems, DevOps","Embedded Systems, Software Engineering, Cloud Architecture, Cloud Computing",Competition,Both
U761,"Robotics, Circuit Design, Internet of Things, Electronics, Arduino","Drones, Automation, Electronics, Robotics",Workshop,Offline
U762,"Software Development, Project Management, Frontend Development, Business Strategy, Teamwork, Cryptography","Startups, Entrepreneurship, Backend Development, Public Speaking",Competition,Both
U763,"Computer Vision, VLSI, Actuators, Drone Technology, Circuit Design, Problem Solving","VLSI, Robotics, Internet of Things","Tech Talk, Hackathon",Offline
U764,"Python, Product Management, Innovation, Problem Solving, Computer Vision, Embedded Systems","Product Management, Data Analytics, Computer Vision, 3D Design","Hackathon, Tech Talk",Both
U765,"Content Creation, CAD, Cybersecurity, Video Editing, Leadership","Product Design, Animation, Ethical Hacking",Workshop,Offline
U766,"PCB Design, Data Analytics, Business Strategy, Project Management, Generative AI, Kubernetes","Generative AI, Embedded Systems, Public Speaking, Microcontrollers, Startups","Conference, Project Exhibition",Offline
U767,"Circuit Design, Leadership, PCB Design, Digital Forensics","Internet of Things, Embedded Systems, Cybersecurity, Ethical Hacking",Hackathon,Both
U768,"Generative AI, Deep Learning, Computer Vision, Machine Learning","Data Analytics, NLP, Machine Learning",Conference,Both
U769,"Product Management, Actuators, Drone Technology","Drones, Autonomous Systems, Product Management","Seminar, Competition",Offline
U770,"Linux, Teamwork, Problem Solving, Ethical Hacking","Cybersecurity, Digital Forensics, Network Security, Ethical Hacking",Seminar,Online
U771,"Project Management, Marketing, Business Strategy, Entrepreneurship, Python","Innovation, Startups, Entrepreneurship",Seminar,Online
U772,"JavaScript, HTML/CSS, Node.js, Software Development, Frontend Development, Teamwork","Web Development, Leadership, Frontend Development, App Development","Project Exhibition, Hackathon",Both
U773,"Arduino, Embedded Systems, Actuators, Problem Solving, Internet of Things, Innovation, Product Management","Internet of Things, Smart Devices, Robotics","Project Exhibition, Competition",Offline
U774,"Computer Vision, Machine Learning, Python, Deep Learning, SQL","Computer Vision, NLP, Machine Learning, Data Science",Conference,Both
U775,"Business Strategy, Problem Solving, Marketing, Leadership","NLP, Public Speaking, Product Management","Workshop, Conference",Both
U776,"Network Security, Cryptography, Linux","Network Security, Cybersecurity, Digital Forensics, Ethical Hacking","Workshop, Bootcamp",Online
U777,"Actuators, Arduino, Raspberry Pi, Automation, Drone Technology, Cloud Computing, Network Security","Robotics, Internet of Things, Autonomous Systems",Workshop,Online
U778,"Ethical Hacking, Cryptography, Network Security, Generative AI, Computer Vision","Network Security, Ethical Hacking, Cybersecurity","Workshop, Seminar",Both
U779,"Data Science, Problem Solving, Deep Learning, Generative AI","Computer Vision, Generative AI, Data Analytics, Software Engineering","Bootcamp, Hackathon",Offline
U780,"Linux, AWS, DevOps","Software Engineering, Cloud Architecture, Cloud Computing, DevOps",Webinar,Both
U781,"PCB Design, Sensors, AWS, Digital Marketing, Leadership, Internet of Things","Marketing, Autonomous Systems, Entrepreneurship, Electronics, Innovation","Workshop, Webinar",Online
U782,"Linux, Software Development, PCB Design, Docker, AWS","Cloud Computing, Software Engineering, Network Security, VLSI",Webinar,Offline
U783,"Problem Solving, DevOps, Ethical Hacking, Cybersecurity","DevOps, Network Security, Digital Forensics","Workshop, Tech Talk",Offline
U784,"Teamwork, Public Speaking, Innovation","Leadership, Marketing, Product Management",Workshop,Both
U785,"Leadership, Innovation, Business Strategy, Communication, CAD, Animation","Leadership, Innovation, Startups, Marketing",Webinar,Offline
U786,"TypeScript, HTML/CSS, AWS, Frontend Development, Innovation","Open Source, Cloud Computing, Backend Development","Competition, Bootcamp",Offline
U787,"Linux, Network Security, Problem Solving, Cryptography","Data Science, Generative AI, Cyber Defense, Digital Forensics","Bootcamp, Hackathon",Offline
U788,"Python, Network Security, Problem Solving, Ethical Hacking, Cybersecurity, Digital Marketing","Cybersecurity, Digital Forensics, Ethical Hacking, Graphic Design","Bootcamp, Webinar",Online
U789,"Graphic Design, Content Creation, UI/UX Design, AWS, Linux","3D Design, Animation, Graphic Design, PCB Design","Project Exhibition, Bootcamp",Online
U790,"Deep Learning, Animation, Data Analytics, UI/UX Design","Graphic Design, 3D Design, Animation, UI/UX","Project Exhibition, Hackathon",Both
U791,"Leadership, Product Management, Innovation, HTML/CSS, 3D Design","Product Management, Innovation, Startups",Seminar,Offline
U792,"Drone Technology, Automation, Arduino, Web Development","Robotics, Autonomous Systems, Smart Devices, NLP","Workshop, Hackathon",Offline
U793,"Leadership, Problem Solving, Python","Ethical Hacking, Cybersecurity, Cyber Defense","Bootcamp, Conference",Online
U794,"Content Creation, HTML/CSS, Drone Technology, Communication, TypeScript","Autonomous Systems, Frontend Development, Drones","Project Exhibition, Competition",Offline
U795,"UI/UX Design, Communication, 3D Design, Cybersecurity, Digital Forensics","Graphic Design, Animation, UI/UX","Workshop, Project Exhibition",Offline
U796,"TypeScript, Web Development, Backend Development, Frontend Development, Network Security, Cryptography","Frontend Development, Open Source, Software Engineering","Project Exhibition, Workshop",Online
U797,"Machine Learning, SQL, Data Analytics","Artificial Intelligence, Data Science, Generative AI, UI/UX, Graphic Design","Hackathon, Tech Talk",Both
U798,"Computer Vision, PCB Design, Circuit Design, Electronics","NLP, Generative AI, Machine Learning, Digital Electronics",Seminar,Offline
U799,"Project Management, Communication, Leadership, Python","Data Science, NLP, Artificial Intelligence, Product Management",Conference,Online
U800,"Communication, Raspberry Pi, Video Editing, UI/UX Design, Automation, Content Creation","Graphic Design, UI/UX, Product Design, Smart Devices, Robotics","Workshop, Project Exhibition",Both
U801,"Backend Development, Technical Writing, TypeScript, Node.js, API Development","Open Source, Web Development, App Development",Workshop,Both
U802,"Robot Programming, Drone Technology, Actuators, Embedded Systems, Arduino","Robotics, Internet of Things, Autonomous Systems, Startups","Competition, Project Exhibition",Offline
U803,"Raspberry Pi, Robotics, Arduino, PCB Design","Smart Devices, Digital Electronics, PCB Design, Robotics, Autonomous Systems, Embedded Systems",Hackathon,Offline
U804,"Digital Electronics, Embedded Systems, Electronics, Arduino","Digital Electronics, Microcontrollers, Internet of Things, Embedded Systems","Seminar, Bootcamp",Both
U805,"Sensors, Communication, Robotics","Autonomous Systems, Robotics, Drones, Internet of Things","Project Exhibition, Workshop",Both
U806,"Problem Solving, Technical Writing, SQL, Cloud Computing, Generative AI, Docker","Data Analytics, Software Engineering, Computer Vision",Conference,Online
U807,"Problem Solving, Generative AI, Technical Writing, SQL","Computer Vision, Data Science, Data Analytics, DevOps",Tech Talk,Both
U808,"Kubernetes, DevOps, Linux, Problem Solving, Cybersecurity, Docker","Ethical Hacking, DevOps, Cybersecurity","Seminar, Competition",Both
U809,"Communication, 3D Design, Generative AI, Computer Vision","Graphic Design, Product Design, Computer Vision","Workshop, Project Exhibition",Both
U810,"Arduino, Robot Programming, Entrepreneurship, Robotics, Leadership, Animation","Product Management, Startups, Autonomous Systems, Internet of Things","Conference, Competition",Both
U811,"Linux, Kubernetes, 3D Design, CAD, Animation, AWS","Product Design, Software Engineering, Cloud Computing, Animation","Tech Talk, Project Exhibition",Online
U812,"Machine Learning, Natural Language Processing, Data Analytics, Docker, Azure","Data Analytics, Generative AI, Artificial Intelligence, Machine Learning",Workshop,Both
U813,"Problem Solving, Technical Writing, PCB Design, Data Analytics, Video Editing, Digital Electronics","NLP, Internet of Things, Embedded Systems, UI/UX","Project Exhibition, Conference",Offline
U814,"Computer Vision, SQL, Machine Learning","Artificial Intelligence, Machine Learning, Computer Vision","Workshop, Bootcamp",Offline
U815,"Software Development, Node.js, React, Frontend Development","Software Engineering, Backend Development, Web Development, Cyber Defense",Hackathon,Offline
U816,"Robotics, Robot Programming, Raspberry Pi, Internet of Things","Autonomous Systems, Automation, Drones, 3D Design",Hackathon,Offline
U817,"HTML/CSS, Project Management, Technical Writing","Web Development, Graphic Design, Software Engineering",Workshop,Offline
U818,"Computer Vision, Natural Language Processing, Machine Learning, Arduino, Data Analytics","Computer Vision, NLP, Drones","Project Exhibition, Seminar",Online
U819,"SQL, App Development, Communication, Software Development, Node.js","Open Source, Software Engineering, Backend Development",Competition,Both
U820,"Teamwork, Arduino, Problem Solving, Raspberry Pi","Robotics, Smart Devices, Marketing, Automation, Product Management",Workshop,Offline
U821,"Machine Learning, Actuators, Data Analytics, Robotics, Automation","Computer Vision, Drones, Smart Devices, Autonomous Systems",Project Exhibition,Both
U822,"3D Design, UI/UX Design, Graphic Design, Communication","Graphic Design, UI/UX, Product Design, 3D Design",Project Exhibition,Both
U823,"Computer Vision, Machine Learning, Data Science","Data Analytics, Generative AI, Computer Vision",Workshop,Both
U824,"Kubernetes, Problem Solving, Docker, Deep Learning, Data Science","Software Engineering, DevOps, Cloud Computing, Internet of Things","Workshop, Conference",Both
U825,"Graphic Design, Marketing, Video Editing, UI/UX Design","3D Design, Marketing, UI/UX","Seminar, Hackathon",Offline
U826,"Frontend Development, Digital Electronics, Robotics","Microcontrollers, Autonomous Systems, Backend Development, Frontend Development, Open Source",Hackathon,Offline
U827,"Digital Electronics, Content Creation, VLSI, UI/UX Design, Embedded Systems","Product Design, VLSI, Animation, UI/UX","Project Exhibition, Conference",Online
U828,"Ethical Hacking, Problem Solving, Teamwork, Kubernetes","Software Engineering, Cyber Defense, Digital Forensics, Ethical Hacking",Seminar,Online
U829,"Video Editing, 3D Design, Technical Writing, Problem Solving, PCB Design","UI/UX, 3D Design, Data Analytics, NLP",Project Exhibition,Offline
U830,"Drone Technology, Automation, Actuators, Arduino, Technical Writing","Robotics, Drones, Autonomous Systems, Machine Learning",Hackathon,Both
U831,"Drone Technology, Problem Solving, Python, Natural Language Processing","Software Engineering, Internet of Things, Cloud Architecture","Conference, Project Exhibition",Both
U832,"React, Backend Development, JavaScript, Problem Solving, App Development, Actuators","Open Source, Web Development, Backend Development",Project Exhibition,Online
U833,"Frontend Development, HTML/CSS, PCB Design, ESP32, Circuit Design","Electronics, Smart Devices, Software Engineering, Internet of Things",Hackathon,Offline
U834,"Problem Solving, Cybersecurity, Leadership, Python","Cybersecurity, Ethical Hacking, Cyber Defense, Software Engineering, Cloud Architecture, DevOps","Bootcamp, Conference",Offline
U835,"Public Speaking, App Development, Docker, Node.js","Product Management, Cloud Computing, Frontend Development, Robotics",Competition,Both
U836,"API Development, CAD, UI/UX Design, Graphic Design","Backend Development, UI/UX, Animation, Open Source","Competition, Project Exhibition",Offline
U837,"Software Development, JavaScript, HTML/CSS, Node.js, Robot Programming","Frontend Development, App Development, Web Development",Competition,Both
U838,"ESP32, VLSI, Problem Solving, Embedded Systems, Circuit Design, Data Analytics","Digital Electronics, Generative AI, Artificial Intelligence","Project Exhibition, Hackathon",Offline
U839,"AWS, Animation, Internet of Things, Azure","UI/UX, Cloud Architecture, Graphic Design, DevOps",Bootcamp,Online
U840,"Data Science, Natural Language Processing, Machine Learning, Leadership, Product Management, Generative AI","Artificial Intelligence, Data Analytics, Product Management",Tech Talk,Offline
U841,"Problem Solving, Ethical Hacking, Linux, Cybersecurity, Arduino, Actuators","Cyber Defense, Network Security, Digital Forensics","Workshop, Conference",Offline
U842,"Generative AI, Deep Learning, Problem Solving, Data Science, Computer Vision","Generative AI, Computer Vision, Data Analytics","Bootcamp, Hackathon",Online
U843,"Docker, AWS, Azure, Arduino","Cloud Architecture, Software Engineering, DevOps","Tech Talk, Conference",Both
U844,"Arduino, Digital Electronics, Docker, Cryptography, Kubernetes, AWS","Cloud Architecture, DevOps, VLSI, Cloud Computing",Tech Talk,Online
U845,"3D Design, Graphic Design, Video Editing, Content Creation","App Development, Animation, Frontend Development, Product Management",Bootcamp,Offline
U846,"ESP32, PCB Design, Digital Electronics, Node.js","Electronics, PCB Design, Microcontrollers","Competition, Seminar",Both
U847,"Graphic Design, Communication, Content Creation, Animation, Teamwork","Product Design, 3D Design, Graphic Design","Conference, Project Exhibition",Both
U848,"Graphic Design, Technical Writing, Communication, Video Editing, CAD, Sensors","Graphic Design, 3D Design, UI/UX, Product Design",Workshop,Both
U849,"Natural Language Processing, Machine Learning, Data Analytics, Generative AI","Data Science, Machine Learning, Generative AI, Computer Vision",Conference,Online
U850,"Frontend Development, Digital Forensics, Ethical Hacking, CAD","Network Security, UI/UX, Backend Development","Seminar, Hackathon",Offline
U851,"Automation, Backend Development, SQL, Innovation","Frontend Development, Web Development, Internet of Things",Project Exhibition,Offline
U852,"Linux, Problem Solving, Ethical Hacking, Arduino, Network Security","Cyber Defense, Network Security, Cybersecurity, Embedded Systems","Conference, Workshop",Online
U853,"Web Development, SQL, Backend Development, JavaScript, Machine Learning","Backend Development, Open Source, Frontend Development, Electronics",Workshop,Both
U854,"ESP32, Raspberry Pi, Deep Learning, Python","Smart Devices, Artificial Intelligence, Embedded Systems",Competition,Online
U855,"Project Management, Deep Learning, Problem Solving","Computer Vision, Data Analytics, Generative AI",Workshop,Online
U856,"Linux, Problem Solving, Digital Forensics, Teamwork","Network Security, Ethical Hacking, Digital Forensics, Cybersecurity",Bootcamp,Both
U857,"Problem Solving, Data Science, Natural Language Processing, Generative AI, Azure, Computer Vision","Cloud Computing, DevOps, Machine Learning, Data Analytics, Digital Forensics",Bootcamp,Online
U858,"Docker, AWS, Azure, Sensors, PCB Design","DevOps, Cloud Architecture, Software Engineering, Digital Electronics",Conference,Offline
U859,"Software Development, API Development, JavaScript, Backend Development, UI/UX Design","App Development, Web Development, Open Source, Data Science",Competition,Both
U860,"Microcontrollers, Communication, PCB Design, Ethical Hacking","Microcontrollers, Digital Forensics, PCB Design, VLSI",Bootcamp,Offline
U861,"UI/UX Design, PCB Design, Embedded Systems, Animation, Graphic Design, Communication","Embedded Systems, Electronics, Internet of Things","Conference, Seminar",Offline
U862,"ESP32, PCB Design, Digital Electronics, Electronics, Cryptography, Digital Forensics","PCB Design, Digital Electronics, Microcontrollers","Competition, Workshop",Online
U863,"Video Editing, Graphic Design, Communication, UI/UX Design, Teamwork, Node.js","Animation, UI/UX, 3D Design, Open Source",Bootcamp,Offline
U864,"Actuators, Drone Technology, AWS, TypeScript, Automation, Sensors","Backend Development, Smart Devices, Autonomous Systems, Open Source",Competition,Online
U865,"TypeScript, Technical Writing, App Development, Azure, SQL","App Development, DevOps, Open Source, Web Development",Competition,Offline
U866,"Python, Content Creation, JavaScript, Backend Development","Data Analytics, Backend Development, Machine Learning, Open Source",Conference,Offline
U867,"Linux, UI/UX Design, Robotics, Drone Technology, SQL, ESP32, Circuit Design","Cybersecurity, Smart Devices, Data Analytics","Competition, Conference",Offline
U868,"Teamwork, Deep Learning, SQL, Ethical Hacking, Digital Forensics, Generative AI","Digital Forensics, Data Science, Computer Vision, Data Analytics",Workshop,Offline
U869,"Cryptography, Digital Forensics, AWS, Cybersecurity, Python, Arduino","Digital Forensics, Cloud Computing, Cyber Defense",Seminar,Offline
U870,"SQL, Sensors, Generative AI, Communication, Python","Robotics, Data Analytics, Generative AI, Computer Vision","Tech Talk, Workshop",Offline
U871,"API Development, Embedded Systems, Frontend Development, HTML/CSS, Drone Technology","Software Engineering, Autonomous Systems, Smart Devices",Hackathon,Both
U872,"Robot Programming, Automation, Raspberry Pi, Sensors","Automation, Internet of Things, Robotics",Hackathon,Offline
U873,"AWS, Linux, Cybersecurity, Kubernetes","Cloud Computing, Digital Forensics, DevOps",Tech Talk,Both
U874,"Cryptography, Linux, Python, Problem Solving","Cyber Defense, Ethical Hacking, Cybersecurity","Conference, Bootcamp",Offline
U875,"PCB Design, ESP32, Embedded Systems, Microcontrollers, Electronics","Embedded Systems, Microcontrollers, Internet of Things, Digital Electronics",Workshop,Online
U876,"DevOps, Docker, Linux, Software Development, Kubernetes","DevOps, NLP, Generative AI, Ethical Hacking",Bootcamp,Both
U877,"Embedded Systems, Actuators, UI/UX Design, Video Editing","Drones, Animation, 3D Design","Competition, Bootcamp",Offline
U878,"Generative AI, ESP32, Microcontrollers, PCB Design, Machine Learning","PCB Design, NLP, Embedded Systems, Artificial Intelligence","Hackathon, Bootcamp",Offline
U879,"JavaScript, Frontend Development, SQL, Backend Development, Communication, Content Creation","Web Development, Software Engineering, App Development",Workshop,Both
U880,"Internet of Things, Sensors, Arduino, Embedded Systems, Azure","Smart Devices, Drones, Internet of Things, Frontend Development",Workshop,Online
U881,"Arduino, Problem Solving, PCB Design","Embedded Systems, Generative AI, NLP, Computer Vision, Internet of Things",Workshop,Both
U882,"Content Creation, Video Editing, CAD, Communication, Animation","Product Design, UI/UX, 3D Design",Bootcamp,Both
U883,"Azure, Docker, AWS, DevOps, Internet of Things","Software Engineering, Cloud Architecture, DevOps, Cloud Computing",Tech Talk,Offline
U884,"DevOps, Kubernetes, Software Development, Azure, Problem Solving","Cloud Architecture, Software Engineering, Cloud Computing",Tech Talk,Both
U885,"Leadership, Business Strategy, Problem Solving, Project Management","Product Design, Graphic Design, Generative AI, Product Management",Workshop,Offline
U886,"Public Speaking, Computer Vision, Marketing, Natural Language Processing, Leadership","Data Analytics, Computer Vision, Entrepreneurship",Hackathon,Both
U887,"Problem Solving, Computer Vision, SQL, Generative AI, Machine Learning, Content Creation","Computer Vision, Data Science, Data Analytics, 3D Design","Tech Talk, Bootcamp",Offline
U888,"Embedded Systems, VLSI, PCB Design","VLSI, PCB Design, Digital Electronics, Embedded Systems","Seminar, Hackathon",Offline
U889,"Robot Programming, Internet of Things, Automation, Drone Technology, Arduino","Autonomous Systems, Smart Devices, Internet of Things, DevOps",Competition,Both
U890,"Data Science, Python, Natural Language Processing, Deep Learning, Cryptography","Computer Vision, Generative AI, Machine Learning","Workshop, Tech Talk",Online
U891,"JavaScript, Leadership, Web Development, Software Development","Backend Development, Leadership, Frontend Development","Workshop, Conference",Both
U892,"Azure, Software Development, Kubernetes, AWS, Docker","Cloud Architecture, DevOps, Software Engineering","Conference, Tech Talk",Both
U893,"Robotics, Raspberry Pi, UI/UX Design, Digital Forensics, Cybersecurity","Graphic Design, 3D Design, Automation, Cyber Defense","Hackathon, Bootcamp",Both
U894,"React, API Development, Problem Solving, Frontend Development, Product Management","Web Development, Generative AI, Backend Development, Machine Learning",Project Exhibition,Both
U895,"Electronics, Leadership, Embedded Systems","Cybersecurity, Internet of Things, Embedded Systems, Ethical Hacking","Hackathon, Project Exhibition",Offline
U896,"Deep Learning, Project Management, SQL, Problem Solving","Computer Vision, Data Analytics, Generative AI","Workshop, Hackathon",Offline
U897,"Ethical Hacking, Cryptography, Network Security, Leadership, Software Development, Problem Solving","Network Security, Ethical Hacking, Cybersecurity","Workshop, Seminar",Offline
U898,"Content Creation, Arduino, Natural Language Processing, Technical Writing","Drones, Cybersecurity, App Development, Generative AI","Competition, Workshop",Online
U899,"Problem Solving, AWS, Docker","DevOps, Software Engineering, Cloud Computing","Bootcamp, Conference",Offline
U900,"Linux, Sensors, App Development, SQL","Drones, Web Development, Robotics",Webinar,Online
U901,"VLSI, Drone Technology, PCB Design, Arduino","Internet of Things, Microcontrollers, Electronics",Project Exhibition,Both
U902,"Software Development, AWS, Linux","Cloud Architecture, Cloud Computing, Software Engineering, DevOps",Tech Talk,Online
U903,"Frontend Development, Business Strategy, SQL, Backend Development","Leadership, Web Development, App Development, Marketing","Bootcamp, Webinar",Offline
U904,"Content Creation, 3D Design, Animation, Technical Writing, Video Editing","Graphic Design, 3D Design, Animation",Project Exhibition,Offline
U905,"Leadership, HTML/CSS, Problem Solving, AWS, DevOps, Product Management, Kubernetes","Marketing, Innovation, Web Development, Entrepreneurship",Project Exhibition,Offline
U906,"Arduino, Circuit Design, Electronics, API Development, Teamwork","Internet of Things, VLSI, Microcontrollers",Seminar,Online
U907,"Raspberry Pi, Deep Learning, Problem Solving, Drone Technology","Computer Vision, Generative AI, Internet of Things, Embedded Systems",Project Exhibition,Offline
U908,"Docker, Azure, AWS","DevOps, Cloud Architecture, Software Engineering, Ethical Hacking","Conference, Tech Talk",Both
U909,"Python, Cryptography, Problem Solving, Generative AI, Ethical Hacking","Digital Forensics, Network Security, Cyber Defense, Ethical Hacking","Workshop, Competition",Both
U910,"Drone Technology, Automation, Communication, Sensors","Smart Devices, Robotics, Autonomous Systems","Hackathon, Workshop",Online
U911,"Circuit Design, PCB Design, ESP32, Digital Electronics, Drone Technology","Smart Devices, Internet of Things, Electronics, PCB Design",Hackathon,Offline
U912,"Animation, Graphic Design, HTML/CSS","Open Source, Product Design, Animation, Backend Development",Project Exhibition,Online
U913,"Problem Solving, Embedded Systems, Internet of Things, JavaScript, React","Web Development, Internet of Things, Software Engineering, Robotics",Competition,Both
U914,"Robotics, Arduino, Internet of Things, Communication","Autonomous Systems, Robotics, Internet of Things",Workshop,Online
U915,"UI/UX Design, Content Creation, CAD, Animation, Video Editing","3D Design, Animation, UI/UX",Bootcamp,Offline
U916,"Python, Problem Solving, Docker, Software Development, Project Management","NLP, Cloud Computing, Software Engineering, DevOps","Webinar, Tech Talk",Offline
U917,"Animation, Software Development, Content Creation, HTML/CSS, 3D Design, Web Development, Backend Development","3D Design, Frontend Development, Animation, Open Source",Bootcamp,Online
U918,"Digital Forensics, Linux, Python","Cybersecurity, Computer Vision, Digital Forensics, NLP",Bootcamp,Online
U919,"Content Creation, UI/UX Design, Video Editing, Teamwork, Communication, Backend Development","Graphic Design, 3D Design, Animation, Internet of Things","Project Exhibition, Competition",Both
U920,"Azure, React, Docker","Backend Development, App Development, Software Engineering",Project Exhibition,Offline
U921,"Video Editing, Graphic Design, Business Strategy, 3D Design","Animation, Graphic Design, 3D Design, Product Management, NLP","Seminar, Tech Talk",Online
U922,"HTML/CSS, Software Development, JavaScript","Web Development, Software Engineering, App Development, Frontend Development","Hackathon, Competition",Offline
U923,"Entrepreneurship, Project Management, Animation, Marketing, Leadership","Graphic Design, Startups, Product Management, Marketing",Conference,Offline
U924,"Docker, App Development, Network Security, Linux","Cyber Defense, Internet of Things, Product Management",Competition,Both
U925,"Circuit Design, Electronics, ESP32","Microcontrollers, Electronics, Internet of Things","Hackathon, Webinar",Offline
U926,"Data Science, Machine Learning, Deep Learning, Python, Marketing, Entrepreneurship","Artificial Intelligence, Computer Vision, Data Science",Bootcamp,Offline
U927,"Node.js, Web Development, HTML/CSS, Robotics","App Development, Open Source, Frontend Development","Project Exhibition, Workshop",Both
U928,"AWS, Data Analytics, Problem Solving, Docker, Project Management","Startups, Public Speaking, Generative AI, Cloud Architecture",Bootcamp,Both
U929,"Problem Solving, Web Development, HTML/CSS, Node.js, React","Web Development, Data Analytics, Machine Learning, Backend Development",Workshop,Online
U930,"Problem Solving, Cybersecurity, Ethical Hacking","Digital Forensics, Cyber Defense, Network Security, Ethical Hacking","Workshop, Conference",Both
U931,"Embedded Systems, Project Management, Business Strategy","Innovation, App Development, Web Development",Career Fair,Both
U932,"AWS, Linux, DevOps, Embedded Systems, Content Creation","Cloud Architecture, Software Engineering, Cloud Computing",Workshop,Online
U933,"Digital Forensics, Cybersecurity, Cryptography, Raspberry Pi, Automation","Network Security, Cyber Defense, Cybersecurity, Digital Forensics",Workshop,Offline
U934,"Business Strategy, Product Management, Communication, Public Speaking, Software Development","Startups, Leadership, Product Design",Seminar,Online
U935,"Docker, App Development, Node.js, Public Speaking","Cloud Computing, Frontend Development, Product Management",Career Fair,Offline
U936,"Actuators, Internet of Things, Raspberry Pi, Communication, Teamwork","Autonomous Systems, Internet of Things, Robotics, Smart Devices","Conference, Competition",Both
U937,"Actuators, Embedded Systems, Raspberry Pi, Robot Programming","Graphic Design, Product Design, Robotics, Smart Devices",Workshop,Both
U938,"Azure, Cloud Computing, DevOps, AWS, Docker","DevOps, Cloud Architecture, Software Engineering",Conference,Both
U939,"Cybersecurity, Ethical Hacking, Python","Digital Forensics, Ethical Hacking, Cybersecurity","Bootcamp, Webinar",Online
U940,"Data Science, Natural Language Processing, Machine Learning, Leadership, VLSI, ESP32","Product Management, Entrepreneurship, Artificial Intelligence, Data Analytics",Tech Talk,Offline
U941,"Computer Vision, Machine Learning, Python, Public Speaking","Machine Learning, Data Science, NLP, Computer Vision",Conference,Offline
U942,"Leadership, Electronics, Arduino","Internet of Things, Cybersecurity, Embedded Systems","Competition, Bootcamp",Offline
U943,"Arduino, Embedded Systems, Actuators, Problem Solving","Robotics, Drones, Internet of Things",Competition,Online
U944,"Web Development, UI/UX Design, Ethical Hacking, Problem Solving, HTML/CSS, Python","Ethical Hacking, Digital Forensics, Cybersecurity, UI/UX, 3D Design","Hackathon, Conference",Both
U945,"ESP32, Circuit Design, VLSI, Embedded Systems, Cloud Computing","Microcontrollers, Electronics, Digital Electronics",Project Exhibition,Online
U946,"Data Science, Robot Programming, Web Development","Open Source, Automation, Artificial Intelligence, Data Science, Machine Learning",Workshop,Offline
U947,"Backend Development, TypeScript, Software Development, React, Innovation","App Development, Innovation, Software Engineering, Product Design",Project Exhibition,Offline
U948,"Digital Forensics, Problem Solving, Teamwork","Cloud Architecture, Ethical Hacking, Software Engineering, Cyber Defense",Seminar,Offline
U949,"Natural Language Processing, Machine Learning, Generative AI, Data Analytics, Content Creation","Computer Vision, Machine Learning, Generative AI, Data Science",Conference,Both
U950,"Electronics, ESP32, VLSI, Leadership, Arduino","Internet of Things, Microcontrollers, Embedded Systems",Competition,Both
U951,"Kubernetes, VLSI, AWS, Cloud Computing, Azure, Microcontrollers","Microcontrollers, Cloud Architecture, Cloud Computing, PCB Design",Hackathon,Both
U952,"Robot Programming, Arduino, Kubernetes, Robotics","Open Source, Robotics, Internet of Things, DevOps","Workshop, Competition",Both
U953,"VLSI, Problem Solving, Microcontrollers, Circuit Design","Internet of Things, Microcontrollers, Digital Electronics","Competition, Project Exhibition",Online
U954,"Graphic Design, UI/UX Design, Content Creation, Animation","Product Design, Animation, 3D Design",Conference,Online
U955,"3D Design, Video Editing, Content Creation, Communication","Graphic Design, Animation, 3D Design, Backend Development","Project Exhibition, Hackathon",Both
U956,"PCB Design, VLSI, Digital Electronics, Electronics","PCB Design, Digital Electronics, VLSI","Hackathon, Competition",Online
U957,"Video Editing, Animation, Embedded Systems, Actuators, UI/UX Design","Drones, Animation, 3D Design, Cloud Architecture",Competition,Online
U958,"Python, Problem Solving, Cybersecurity, Network Security, Cryptography","Network Security, Cybersecurity, Digital Forensics","Seminar, Workshop",Offline
U959,"Graphic Design, Cloud Computing, Communication, Microcontrollers, CAD","Embedded Systems, DevOps, Product Design, PCB Design","Bootcamp, Workshop",Offline
U960,"Circuit Design, Digital Forensics, Embedded Systems","Cybersecurity, Cloud Computing, Digital Forensics","Webinar, Conference",Both
U961,"Content Creation, Drone Technology, Web Development, App Development","Software Engineering, Product Design, App Development",Project Exhibition,Offline
U962,"TypeScript, Backend Development, React, CAD, AWS, Software Development","Animation, Cloud Computing, 3D Design",Bootcamp,Both
U963,"Circuit Design, Electronics, Microcontrollers, ESP32, VLSI, Project Management","VLSI, Embedded Systems, Microcontrollers, Digital Electronics",Workshop,Online
U964,"Robotics, Actuators, Technical Writing, Raspberry Pi, Embedded Systems, Docker","Automation, Smart Devices, Drones, Generative AI","Competition, Project Exhibition",Both
U965,"Data Science, Machine Learning, Linux, Python, Cloud Computing","NLP, Cloud Computing, Software Engineering, Artificial Intelligence","Bootcamp, Tech Talk",Offline
U966,"Data Analytics, Machine Learning, Backend Development, App Development, Problem Solving","NLP, Data Analytics, Computer Vision, Data Science",Conference,Offline
U967,"SQL, Actuators, UI/UX Design, React, Drone Technology, JavaScript","Internet of Things, Robotics, Frontend Development, Autonomous Systems, Software Engineering",Competition,Both
U968,"Project Management, Linux, Network Security","Digital Forensics, Cyber Defense, Ethical Hacking, Marketing","Conference, Seminar",Both
U969,"Microcontrollers, ESP32, Backend Development, Digital Electronics, SQL","Cyber Defense, PCB Design, App Development, Software Engineering","Bootcamp, Project Exhibition",Offline
U970,"Python, Microcontrollers, Cybersecurity, VLSI, Electronics","Digital Electronics, Cyber Defense, Cybersecurity, Electronics",Conference,Offline
U971,"Microcontrollers, ESP32, Circuit Design, PCB Design, Electronics","Internet of Things, PCB Design, Electronics, VLSI","Workshop, Seminar",Online
U972,"Node.js, TypeScript, Teamwork, SQL","Software Engineering, Open Source, Cloud Computing, Backend Development",Hackathon,Both
U973,"Circuit Design, ESP32, Raspberry Pi, Arduino, Sensors","VLSI, Automation, Internet of Things, Autonomous Systems, Drones",Workshop,Both
U974,"VLSI, Embedded Systems, Automation, ESP32, Raspberry Pi","Embedded Systems, Autonomous Systems, Smart Devices",Competition,Offline
U975,"Generative AI, Natural Language Processing, Teamwork, Python, Problem Solving","Data Analytics, Ethical Hacking, Cyber Defense",Workshop,Online
U976,"SQL, Docker, AWS, Generative AI, Data Analytics","Cloud Architecture, Generative AI, Software Engineering","Bootcamp, Hackathon",Both
U977,"Embedded Systems, Natural Language Processing, Computer Vision, VLSI, Microcontrollers","Machine Learning, Microcontrollers, Artificial Intelligence","Hackathon, Bootcamp",Both
U978,"Python, Problem Solving, SQL, Data Analytics","Data Analytics, Artificial Intelligence, Generative AI",Tech Talk,Online
U979,"SQL, 3D Design, TypeScript, Natural Language Processing, UI/UX Design, DevOps, Azure","App Development, Generative AI, Graphic Design",Competition,Offline
U980,"PCB Design, SQL, Problem Solving, Generative AI, VLSI, Technical Writing","Data Analytics, Electronics, Data Science, Microcontrollers",Hackathon,Offline
U981,"App Development, React, Backend Development, JavaScript, Problem Solving","Web Development, Open Source, Backend Development","Project Exhibition, Bootcamp",Both
U982,"Robot Programming, Internet of Things, ESP32, Cryptography, Actuators","Graphic Design, Digital Forensics, Embedded Systems","Workshop, Competition",Offline
U983,"Cloud Computing, Python, Kubernetes, Docker, DevOps","Software Engineering, Generative AI, Cloud Computing","Webinar, Workshop",Offline
U984,"Natural Language Processing, Problem Solving, Project Management, Leadership, Public Speaking","Data Science, Machine Learning, Marketing, Innovation","Webinar, Workshop",Online
U985,"JavaScript, Backend Development, React, Docker","Web Development, App Development, Backend Development, Open Source",Project Exhibition,Both
U986,"React, HTML/CSS, TypeScript","Machine Learning, Embedded Systems, Microcontrollers","Bootcamp, Conference",Offline
U987,"Data Analytics, Data Science, Natural Language Processing, Generative AI, Machine Learning","NLP, Generative AI, Data Analytics, Data Science",Bootcamp,Both
U988,"Backend Development, API Development, Web Development, Marketing","Open Source, Frontend Development, Web Development",Bootcamp,Both
U989,"Circuit Design, PCB Design, Microcontrollers, VLSI, Embedded Systems","Digital Electronics, Embedded Systems, VLSI, Electronics","Seminar, Conference",Online
U990,"Embedded Systems, Circuit Design, ESP32, Electronics, PCB Design","VLSI, Digital Electronics, Internet of Things","Project Exhibition, Workshop",Online
U991,"React, Project Management, Python","Cloud Computing, Software Engineering, Generative AI","Conference, Bootcamp",Both
U992,"PCB Design, VLSI, Electronics, ESP32, Embedded Systems","Microcontrollers, Electronics, Embedded Systems, Internet of Things",Hackathon,Both
U993,"Docker, HTML/CSS, Cybersecurity, Cryptography","Ethical Hacking, Network Security, Backend Development",Tech Talk,Online
U994,"Content Creation, Graphic Design, Communication, Embedded Systems","Animation, 3D Design, Automation, Product Management",Hackathon,Online
U995,"Backend Development, React, JavaScript, Network Security","Backend Development, Ethical Hacking, Open Source","Bootcamp, Project Exhibition",Online
U996,"Public Speaking, Project Management, Entrepreneurship, Deep Learning","Public Speaking, Entrepreneurship, Startups, UI/UX",Webinar,Offline
U997,"Software Development, Node.js, HTML/CSS","Web Development, Backend Development, App Development","Bootcamp, Hackathon",Offline
U998,"Circuit Design, Problem Solving, Microcontrollers, Actuators","Embedded Systems, Digital Electronics, Microcontrollers, Smart Devices","Workshop, Project Exhibition",Both
U999,"Internet of Things, Arduino, Automation, Embedded Systems, Electronics","Smart Devices, Automation, Drones","Project Exhibition, Competition",Offline
U1000,"Software Development, Electronics, App Development, ESP32, SQL, Microcontrollers","Web Development, VLSI, Frontend Development",Workshop,Both
U1001,"CAD, UI/UX Design, Animation, Graphic Design","Web Development, Product Design, Animation","Conference, Hackathon",Both
U1002,"Deep Learning, Product Management, Data Science, Business Strategy","Data Analytics, Leadership, Marketing, Computer Vision",Career Fair,Online
U1003,"Digital Forensics, Electronics, Embedded Systems","PCB Design, Microcontrollers, Cybersecurity, Digital Forensics",Project Exhibition,Both
U1004,"SQL, Software Development, Linux, Digital Forensics, Problem Solving, JavaScript","Network Security, Backend Development, Open Source",Workshop,Offline
U1005,"Problem Solving, Node.js, Data Science, SQL","Web Development, Backend Development, Artificial Intelligence, Machine Learning",Tech Talk,Offline
U1006,"Linux, SQL, Cryptography, Ethical Hacking, JavaScript, Python","Computer Vision, Cyber Defense, Frontend Development, Web Development","Bootcamp, Seminar",Both
U1007,"Graphic Design, CAD, Software Development, Communication","Cloud Architecture, UI/UX, Software Engineering","Bootcamp, Conference",Online
U1008,"AWS, Data Analytics, Machine Learning, 3D Design","Graphic Design, NLP, Generative AI, Artificial Intelligence",Bootcamp,Offline
U1009,"Content Creation, CAD, UI/UX Design, Animation, Communication","UI/UX, 3D Design, Graphic Design, Animation, Product Design","Project Exhibition, Conference",Both
U1010,"Animation, UI/UX Design, Content Creation","Product Design, Animation, 3D Design",Bootcamp,Both
U1011,"Marketing, JavaScript, TypeScript, Web Development, HTML/CSS, Communication","Backend Development, Product Management, Frontend Development, Startups",Career Fair,Both
U1012,"Teamwork, Problem Solving, React, VLSI, Circuit Design, Microcontrollers","Software Engineering, Embedded Systems, Data Science, Microcontrollers",Project Exhibition,Offline
U1013,"Internet of Things, SQL, Circuit Design, Arduino, Docker","Robotics, Open Source, Drones",Competition,Offline
U1014,"Cryptography, Cybersecurity, Business Strategy, Linux","3D Design, Innovation, Marketing, Ethical Hacking, Network Security","Workshop, Bootcamp",Offline
U1015,"SQL, Technical Writing, Animation, React, API Development","Animation, 3D Design, Product Design","Workshop, Bootcamp",Offline
U1016,"Cloud Computing, Software Development, Docker","Cloud Computing, DevOps, Cloud Architecture, Software Engineering","Webinar, Conference",Offline
U1017,"ESP32, Embedded Systems, Microcontrollers","Microcontrollers, Embedded Systems, Digital Electronics, Product Design",Competition,Both
U1018,"Software Development, Problem Solving, AWS, Kubernetes","Software Engineering, Cloud Architecture, Cloud Computing",Conference,Offline
U1019,"Arduino, Circuit Design, Electronics, Linux","Internet of Things, VLSI, Microcontrollers, Embedded Systems","Seminar, Bootcamp",Online
U1020,"Natural Language Processing, Data Analytics, Data Science, Problem Solving","Artificial Intelligence, Data Science, Machine Learning, Data Analytics","Tech Talk, Bootcamp",Online
U1021,"Animation, Video Editing, UI/UX Design","3D Design, Drones, Animation",Competition,Online
U1022,"Content Creation, Teamwork, Communication, UI/UX Design, Video Editing","Graphic Design, 3D Design, Animation, Smart Devices",Project Exhibition,Offline
U1023,"Deep Learning, Cloud Computing, Software Development, Docker, Network Security","Cloud Computing, Digital Forensics, DevOps","Webinar, Hackathon",Online
U1024,"3D Design, Communication, Animation, CAD","Product Design, Animation, Graphic Design, App Development",Project Exhibition,Online
U1025,"Automation, Raspberry Pi, Internet of Things, Drone Technology, Embedded Systems","Autonomous Systems, Smart Devices, Automation, Drones","Competition, Workshop",Both
U1026,"ESP32, Circuit Design, VLSI, Embedded Systems, Microcontrollers, PCB Design","Electronics, PCB Design, Microcontrollers, Digital Electronics",Project Exhibition,Offline
U1027,"Internet of Things, Electronics, Robotics, Arduino, Circuit Design","Automation, Electronics, Drones","Competition, Workshop",Online
U1028,"Python, Linux, Cybersecurity, Network Security","Cybersecurity, Cyber Defense, Network Security, Ethical Hacking, Graphic Design",Conference,Both
U1029,"Internet of Things, Node.js, Actuators, Robot Programming","Drones, Data Analytics, Autonomous Systems, Internet of Things","Project Exhibition, Workshop",Both
U1030,"Drone Technology, Automation, Arduino, Digital Forensics","Robotics, Autonomous Systems, Smart Devices, Cyber Defense",Hackathon,Online
U1031,"Backend Development, API Development, Web Development, Microcontrollers, ESP32","Open Source, Software Engineering, Frontend Development, Web Development","Bootcamp, Hackathon",Offline
U1032,"Problem Solving, Data Analytics, Data Science, Natural Language Processing, CAD, Communication","Artificial Intelligence, Data Science, Data Analytics, Machine Learning","Bootcamp, Tech Talk",Both
U1033,"React, JavaScript, TypeScript, Node.js, HTML/CSS, Digital Electronics","Software Engineering, Backend Development, App Development",Bootcamp,Both
U1034,"ESP32, PCB Design, VLSI, Communication, Product Management","Internet of Things, Embedded Systems, Digital Electronics, 3D Design","Workshop, Hackathon",Online
U1035,"Machine Learning, TypeScript, Web Development","Open Source, Computer Vision, NLP, Data Science",Bootcamp,Online
U1036,"Problem Solving, PCB Design, Cybersecurity, Sensors, Network Security","Smart Devices, Internet of Things, Robotics, Embedded Systems","Workshop, Project Exhibition",Both
U1037,"Ethical Hacking, Linux, Cryptography, Cybersecurity, Drone Technology","Digital Forensics, Ethical Hacking, Cybersecurity, DevOps",Competition,Both
U1038,"Generative AI, Machine Learning, Data Analytics, Data Science, Natural Language Processing","Data Analytics, Generative AI, Data Science, NLP",Bootcamp,Both
U1039,"Graphic Design, UI/UX Design, 3D Design, DevOps, Problem Solving","UI/UX, Animation, 3D Design, Drones",Conference,Both
U1040,"Data Science, Deep Learning, Computer Vision","Generative AI, Computer Vision, Machine Learning",Workshop,Online
U1041,"AWS, Software Development, Linux, Cloud Computing, Data Analytics","Cloud Computing, Cloud Architecture, DevOps, Software Engineering",Tech Talk,Online
U1042,"Linux, Embedded Systems, Digital Electronics, ESP32, Robot Programming","Internet of Things, Electronics, Ethical Hacking, Embedded Systems, App Development","Workshop, Conference",Both
U1043,"Entrepreneurship, Backend Development, Innovation, React, Software Development","Open Source, Frontend Development, App Development","Conference, Project Exhibition",Both
U1044,"Circuit Design, VLSI, Electronics, Digital Electronics","Microcontrollers, VLSI, Internet of Things, Electronics",Hackathon,Online
U1045,"CAD, Leadership, Natural Language Processing, Project Management","Machine Learning, Data Science, 3D Design, Innovation","Webinar, Conference",Offline
U1046,"Backend Development, Frontend Development, Web Development, TypeScript","Backend Development, Frontend Development, Software Engineering",Project Exhibition,Both
U1047,"Problem Solving, Communication, Teamwork, Computer Vision, Python","Digital Forensics, NLP, Generative AI, Product Management, Machine Learning","Seminar, Competition",Online
U1048,"Animation, Video Editing, 3D Design, Technical Writing, CAD","Animation, 3D Design, Graphic Design, Robotics",Conference,Online
U1049,"Problem Solving, Digital Forensics, Network Security, Cryptography, Linux","Network Security, Cybersecurity, Cyber Defense, Ethical Hacking",Conference,Offline
U1050,"Cryptography, Network Security, Linux, Leadership, API Development","Digital Forensics, Network Security, Ethical Hacking, Animation",Competition,Both
U1051,"PCB Design, Embedded Systems, Data Analytics, Electronics, Data Science, Docker","Internet of Things, VLSI, Artificial Intelligence",Project Exhibition,Both
U1052,"Communication, Problem Solving, Natural Language Processing, Teamwork, Docker","NLP, Startups, Data Analytics, Ethical Hacking, Digital Forensics",Hackathon,Online
U1053,"Problem Solving, DevOps, Linux, Circuit Design","Cloud Architecture, DevOps, Software Engineering, Cloud Computing, Backend Development","Bootcamp, Tech Talk",Online
U1054,"React, Arduino, Actuators","VLSI, Frontend Development, Software Engineering, Web Development, Robotics","Seminar, Bootcamp",Both
U1055,"Microcontrollers, Teamwork, Project Management, Public Speaking, Leadership","PCB Design, Embedded Systems, Product Design","Career Fair, Bootcamp",Both
U1056,"Data Analytics, Machine Learning, Cryptography, Electronics, Python","Network Security, Digital Electronics, Artificial Intelligence, Cybersecurity",Seminar,Both
U1057,"DevOps, Docker, Kubernetes","DevOps, Software Engineering, Cloud Architecture, Cloud Computing",Tech Talk,Offline
U1058,"Technical Writing, Project Management, Content Creation, 3D Design","Animation, Product Design, 3D Design","Bootcamp, Project Exhibition",Both
U1059,"Marketing, Digital Marketing, Entrepreneurship, Public Speaking, Leadership, Docker","Innovation, Entrepreneurship, Product Management, Marketing","Webinar, Seminar",Offline
U1060,"CAD, UI/UX Design, Animation, 3D Design, Content Creation, Microcontrollers","Animation, 3D Design, UI/UX",Workshop,Both
U1061,"Ethical Hacking, Cryptography, Network Security, Azure, Problem Solving","Network Security, Ethical Hacking, Cybersecurity","Workshop, Seminar",Online
U1062,"Internet of Things, Actuators, Arduino, Drone Technology, Technical Writing, Automation","Robotics, Drones, Autonomous Systems, App Development",Hackathon,Online
U1063,"Embedded Systems, PCB Design, ESP32, Microcontrollers, Electronics","Digital Electronics, Embedded Systems, Microcontrollers",Workshop,Online
U1064,"AWS, Linux, DevOps, Network Security, Cryptography","Software Engineering, DevOps, Cloud Computing, Cloud Architecture","Webinar, Workshop",Offline
U1065,"Circuit Design, Drone Technology, ESP32, Robotics, Digital Electronics","Smart Devices, Internet of Things, PCB Design",Hackathon,Offline
U1066,"Network Security, Cryptography, Cybersecurity, Python, Project Management","Digital Forensics, Cyber Defense, Ethical Hacking, Digital Electronics","Seminar, Conference",Offline
U1067,"Content Creation, UI/UX Design, Graphic Design, Animation, Frontend Development","Product Design, Animation, 3D Design, Graphic Design","Conference, Workshop",Offline
U1068,"SQL, Problem Solving, Backend Development, React","Web Development, Frontend Development, Open Source, Backend Development",Project Exhibition,Both
U1069,"3D Design, Video Editing, Content Creation, JavaScript, React","Graphic Design, Animation, 3D Design, Smart Devices","Project Exhibition, Bootcamp",Offline
U1070,"Digital Marketing, Communication, Business Strategy, Graphic Design, Content Creation","Marketing, Public Speaking, Leadership, Drones","Career Fair, Workshop",Both
U1071,"Animation, Technical Writing, Graphic Design, Entrepreneurship","Startups, Product Management, Animation",Seminar,Both
U1072,"Kubernetes, Problem Solving, Linux","DevOps, Cybersecurity, Ethical Hacking","Competition, Seminar",Both
U1073,"Project Management, PCB Design, Business Strategy, Data Analytics, Generative AI","Startups, Machine Learning, Embedded Systems","Conference, Bootcamp",Both
U1074,"Natural Language Processing, Product Management, Deep Learning, Business Strategy","Data Analytics, Computer Vision, Leadership, Marketing",Career Fair,Both
U1075,"Generative AI, Natural Language Processing, SQL, Machine Learning","Digital Forensics, Machine Learning, NLP",Hackathon,Both
U1076,"Graphic Design, Communication, Video Editing, Animation, CAD","Animation, Graphic Design, Product Design, Data Analytics",Project Exhibition,Both
U1077,"Internet of Things, Sensors, Arduino, Embedded Systems, JavaScript, API Development","Drones, Internet of Things, Smart Devices",Competition,Offline
U1078,"Backend Development, Animation, CAD","Backend Development, Frontend Development, Animation",Project Exhibition,Online
U1079,"Communication, HTML/CSS, Project Management, Graphic Design, SQL","Open Source, Web Development, 3D Design, Graphic Design","Hackathon, Workshop",Both
U1080,"Linux, AWS, Cloud Computing, Digital Forensics","Software Engineering, Cloud Architecture, Cloud Computing",Webinar,Offline
U1081,"Problem Solving, VLSI, Microcontrollers, Embedded Systems, Arduino, Electronics","VLSI, Robotics, PCB Design, Internet of Things","Seminar, Workshop",Both
U1082,"Web Development, Teamwork, Entrepreneurship, JavaScript, Electronics","Frontend Development, Open Source, Public Speaking, Electronics, Entrepreneurship","Seminar, Hackathon",Both
U1083,"Arduino, Robot Programming, Sensors, Python, Generative AI","NLP, Data Science, Automation",Bootcamp,Both
U1084,"Data Science, Natural Language Processing, Raspberry Pi, Problem Solving, Embedded Systems","Artificial Intelligence, Computer Vision, Autonomous Systems, Internet of Things",Competition,Both
U1085,"Problem Solving, Azure, Docker, AWS, Teamwork","Cloud Computing, Cloud Architecture, Software Engineering",Bootcamp,Offline
U1086,"Automation, Electronics, ESP32, Circuit Design, Embedded Systems","Digital Electronics, Drones, VLSI",Hackathon,Both
U1087,"Communication, Content Creation, UI/UX Design, Arduino, VLSI, Electronics","3D Design, UI/UX, Animation, Embedded Systems","Project Exhibition, Workshop",Both
U1088,"Actuators, VLSI, Circuit Design, Digital Electronics, Microcontrollers","Microcontrollers, Electronics, VLSI","Competition, Workshop",Online
U1089,"Teamwork, HTML/CSS, Web Development, API Development, Electronics","Graphic Design, Internet of Things, Web Development, Frontend Development","Seminar, Hackathon",Both
U1090,"Linux, AWS, Cloud Computing, Docker, Kubernetes, Problem Solving","Cloud Architecture, Software Engineering, Cloud Computing",Webinar,Both
U1091,"Problem Solving, Docker, Cloud Computing","Cloud Architecture, DevOps, Cloud Computing",Bootcamp,Offline
U1092,"Web Development, Problem Solving, React, App Development, Teamwork","App Development, Software Engineering, Data Science",Project Exhibition,Offline
U1093,"Automation, Raspberry Pi, Arduino, Actuators","Internet of Things, Drones, Autonomous Systems, Smart Devices","Project Exhibition, Conference",Online
U1094,"Digital Marketing, Internet of Things, Product Management, Cybersecurity, Linux","Robotics, Ethical Hacking, Cybersecurity","Competition, Conference",Both
U1095,"Communication, Project Management, Raspberry Pi, Teamwork","Leadership, Drones, Public Speaking, Robotics",Conference,Online
U1096,"SQL, Deep Learning, Node.js, App Development, Computer Vision","Open Source, Software Engineering, Data Science, Data Analytics","Workshop, Hackathon",Offline
U1097,"Docker, Software Development, Azure, Problem Solving","Cloud Computing, DevOps, Cloud Architecture, 3D Design",Webinar,Offline
U1098,"Marketing, Public Speaking, Communication, Cybersecurity, Kubernetes","Marketing, Public Speaking, Product Management, DevOps",Career Fair,Both
U1099,"AWS, Cryptography, Linux, Animation","Animation, Graphic Design, Digital Forensics","Workshop, Conference",Both
U1100,"JavaScript, TypeScript, Frontend Development, SQL","Backend Development, Frontend Development, Software Engineering","Workshop, Project Exhibition",Offline
U1101,"Network Security, Problem Solving, Microcontrollers, Linux","VLSI, Internet of Things, Network Security",Bootcamp,Both
U1102,"Problem Solving, Digital Electronics, Sensors, Raspberry Pi, Cybersecurity","Cyber Defense, Automation, Electronics, Robotics",Workshop,Both
U1103,"Problem Solving, Azure, AWS, Docker, Circuit Design, VLSI, Drone Technology","Cloud Architecture, Cloud Computing, DevOps, Microcontrollers","Conference, Competition",Both
U1104,"DevOps, VLSI, Problem Solving, Digital Electronics, Circuit Design","Drones, DevOps, Electronics",Competition,Online
U1105,"UI/UX Design, Deep Learning, Generative AI, Computer Vision","Product Design, Data Analytics, NLP",Bootcamp,Both
U1106,"3D Design, Content Creation, DevOps, Linux","UI/UX, Cloud Architecture, 3D Design","Webinar, Workshop",Offline
U1107,"Natural Language Processing, Embedded Systems, Raspberry Pi, Data Science","Autonomous Systems, Generative AI, Artificial Intelligence, Internet of Things, Computer Vision",Competition,Online
U1108,"Data Science, Machine Learning, AWS, Generative AI","Software Engineering, Generative AI, Data Analytics, Computer Vision","Tech Talk, Workshop",Online
U1109,"Sensors, Digital Forensics, Python, Raspberry Pi, Actuators, Linux","Ethical Hacking, Drones, Digital Forensics","Hackathon, Conference",Both
U1110,"JavaScript, Technical Writing, Backend Development, API Development","Web Development, Microcontrollers, App Development",Competition,Both
U1111,"Electronics, ESP32, VLSI, Microcontrollers, Circuit Design","Embedded Systems, VLSI, Digital Electronics, Microcontrollers","Project Exhibition, Workshop",Online
U1112,"Python, Leadership, Cybersecurity, Problem Solving","Ethical Hacking, Cybersecurity, Cyber Defense",Bootcamp,Both
U1113,"ESP32, Circuit Design, Linux","Embedded Systems, Microcontrollers, Cybersecurity",Conference,Online
U1114,"Docker, Computer Vision, Azure, AWS, Cloud Computing","Computer Vision, Cloud Architecture, Data Analytics","Bootcamp, Conference",Both
U1115,"JavaScript, API Development, Software Development, Backend Development","App Development, Web Development, Open Source, Generative AI",Competition,Both
U1116,"Digital Electronics, VLSI, Azure, Docker, Ethical Hacking, Cryptography, Problem Solving","DevOps, Embedded Systems, Network Security, Cloud Architecture","Workshop, Webinar",Offline
U1117,"Leadership, Communication, Digital Marketing, Marketing, Product Management","Entrepreneurship, Product Management, Startups",Career Fair,Both
U1118,"Animation, Actuators, Problem Solving, Drone Technology, Robot Programming","VLSI, UI/UX, Robotics, Automation",Workshop,Online
U1119,"3D Design, Video Editing, Content Creation, CAD, Product Management, Animation","Graphic Design, Animation, 3D Design, Cyber Defense",Project Exhibition,Online
U1120,"Graphic Design, Animation, Content Creation","Graphic Design, UI/UX, Animation, Computer Vision",Project Exhibition,Online
U1121,"Software Development, Data Science, Azure, Problem Solving","DevOps, Artificial Intelligence, Computer Vision, Microcontrollers","Tech Talk, Competition",Both
U1122,"App Development, Docker, DevOps, Node.js, Public Speaking","Product Management, Cloud Computing, Frontend Development, DevOps, Software Engineering",Competition,Online
U1123,"Entrepreneurship, Video Editing, 3D Design, Innovation, Business Strategy","Graphic Design, Marketing, Leadership",Workshop,Both
U1124,"Ethical Hacking, Circuit Design, Arduino, ESP32, PCB Design","Embedded Systems, Autonomous Systems, Internet of Things",Seminar,Offline
U1125,"CAD, Cybersecurity, Animation, Cloud Computing, Python","Cloud Computing, 3D Design, Product Design, Cybersecurity","Webinar, Hackathon",Offline
U1126,"Actuators, Sensors, Automation, Drone Technology, Communication","Smart Devices, Robotics, Autonomous Systems, Electronics","Hackathon, Workshop",Online
U1127,"Kubernetes, AWS, Docker, DevOps","DevOps, Cloud Computing, Cloud Architecture","Bootcamp, Tech Talk",Offline
U1128,"Entrepreneurship, Communication, Product Management, Software Development, Digital Marketing, Cloud Computing","Software Engineering, Product Management, Digital Forensics, Cloud Architecture",Workshop,Online
U1129,"CAD, Video Editing, Content Creation, Animation","Graphic Design, Product Design, UI/UX, Animation","Conference, Project Exhibition",Online
U1130,"App Development, Data Analytics, AWS","Drones, Internet of Things, Cloud Architecture, App Development","Competition, Project Exhibition",Offline
U1131,"Arduino, Actuators, Teamwork, Internet of Things, Embedded Systems","Autonomous Systems, Automation, Internet of Things",Workshop,Both
U1132,"Microcontrollers, Problem Solving, Generative AI, VLSI, Electronics","Microcontrollers, Data Science, Machine Learning",Project Exhibition,Online
U1133,"Cloud Computing, Internet of Things, Software Development","DevOps, Automation, Smart Devices, Cloud Architecture, Autonomous Systems, Software Engineering","Tech Talk, Competition",Online
U1134,"Communication, CAD, 3D Design, Content Creation","3D Design, Product Design, Graphic Design","Bootcamp, Conference",Online
U1135,"Communication, UI/UX Design, CAD, Content Creation, Animation","Animation, Graphic Design, Product Design","Conference, Bootcamp",Online
U1136,"JavaScript, API Development, React, Problem Solving, Cloud Computing","Backend Development, Web Development, Software Engineering, Electronics","Hackathon, Competition",Offline
U1137,"Electronics, Robotics, Digital Electronics","Microcontrollers, Internet of Things, Robotics, Smart Devices",Project Exhibition,Offline
U1138,"Digital Forensics, Generative AI, Problem Solving, Machine Learning","Digital Forensics, Ethical Hacking, Machine Learning",Competition,Both
U1139,"ESP32, Cryptography, Problem Solving, Network Security, Cybersecurity","Ethical Hacking, Digital Electronics, Network Security, Cyber Defense, Graphic Design",Project Exhibition,Online
U1140,"Electronics, Microcontrollers, Data Analytics, Problem Solving, ESP32","Artificial Intelligence, Digital Electronics, Embedded Systems",Tech Talk,Offline
U1141,"Problem Solving, Cryptography, ESP32, Network Security, Cybersecurity","Digital Electronics, Network Security, Cyber Defense, Ethical Hacking",Project Exhibition,Both
U1142,"HTML/CSS, 3D Design, Communication, Web Development","Open Source, UI/UX, 3D Design",Hackathon,Both
U1143,"Web Development, HTML/CSS, React, Problem Solving, Node.js","Machine Learning, Web Development, Data Analytics, Backend Development, NLP",Workshop,Online
U1144,"Python, Robot Programming, Arduino, Sensors","Automation, NLP, Data Science, Drones",Bootcamp,Offline
U1145,"3D Design, CAD, Animation, Deep Learning, Computer Vision, Generative AI","3D Design, Graphic Design, Animation, Product Design",Project Exhibition,Offline
U1146,"Leadership, Kubernetes, Entrepreneurship","Cloud Architecture, Software Engineering, Cloud Computing, Marketing",Webinar,Offline
U1147,"Machine Learning, Generative AI, Robot Programming, Computer Vision, Deep Learning","NLP, Generative AI, Open Source, Machine Learning",Project Exhibition,Offline
U1148,"VLSI, Software Development, Python, Circuit Design","Cyber Defense, Microcontrollers, DevOps, Automation","Bootcamp, Conference",Online
U1149,"Project Management, Communication, Teamwork, Entrepreneurship, Innovation","Entrepreneurship, Startups, Animation, 3D Design",Bootcamp,Online
U1150,"Embedded Systems, Communication, 3D Design, CAD","3D Design, UI/UX, Open Source, Autonomous Systems",Hackathon,Both
U1151,"Teamwork, SQL, TypeScript, Docker, Node.js","Open Source, Backend Development, Software Engineering","Hackathon, Project Exhibition",Both
U1152,"Project Management, Kubernetes, Linux","Cloud Computing, Cloud Architecture, Software Engineering, Product Design",Bootcamp,Both
U1153,"Communication, Product Management, Project Management, Public Speaking, Natural Language Processing","Product Management, Data Science, Innovation","Workshop, Conference",Both
U1154,"JavaScript, 3D Design, CAD, SQL","Product Design, Frontend Development, Animation, Web Development",Project Exhibition,Both
U1155,"Circuit Design, ESP32, Embedded Systems, Digital Electronics","Microcontrollers, VLSI, Internet of Things","Workshop, Seminar",Both
U1156,"Backend Development, TypeScript, Project Management, Web Development, Communication","Software Engineering, Frontend Development, Product Design, Web Development",Hackathon,Online
U1157,"Raspberry Pi, Python, Deep Learning, Natural Language Processing","Computer Vision, Generative AI, Internet of Things, App Development, Frontend Development",Project Exhibition,Offline
U1158,"SQL, Computer Vision, Data Analytics, Problem Solving, Machine Learning","Data Science, Artificial Intelligence, NLP","Conference, Tech Talk",Offline
U1159,"Arduino, Leadership, Innovation","Data Science, Product Management, NLP","Seminar, Bootcamp",Offline
U1160,"AWS, Kubernetes, DevOps, Linux, Docker, Azure","DevOps, Cloud Computing, Cloud Architecture, Software Engineering","Webinar, Conference",Offline
U1161,"Communication, Microcontrollers, Digital Electronics, ESP32","PCB Design, Microcontrollers, Embedded Systems","Hackathon, Competition",Offline
U1162,"SQL, App Development, Node.js","Backend Development, Web Development, Frontend Development","Bootcamp, Project Exhibition",Offline
U1163,"Digital Forensics, Content Creation, Graphic Design, Animation","Network Security, Cyber Defense, Animation, UI/UX",Project Exhibition,Both
U1164,"AWS, Software Development, Kubernetes, Docker","Cloud Architecture, Cloud Computing, DevOps","Tech Talk, Workshop",Offline
U1165,"HTML/CSS, Software Development, TypeScript, App Development, Node.js","Backend Development, Frontend Development, Open Source, App Development",Workshop,Offline
U1166,"Data Analytics, Project Management, Data Science, Python, Software Development","Generative AI, Machine Learning, Cloud Computing, NLP",Bootcamp,Offline
U1167,"Robotics, Robot Programming, Internet of Things, Arduino, Raspberry Pi","Autonomous Systems, Internet of Things, Drones",Project Exhibition,Offline
U1168,"Cryptography, Software Development, Docker, Network Security, Problem Solving","Network Security, Cloud Computing, Cyber Defense","Tech Talk, Hackathon",Both
U1169,"Embedded Systems, Content Creation, Teamwork, Graphic Design, Communication","3D Design, Automation, Animation","Hackathon, Conference",Both
U1170,"SQL, React, API Development, Animation","App Development, Backend Development, Frontend Development",Bootcamp,Offline
U1171,"CAD, DevOps, Linux, Internet of Things","Cloud Architecture, Robotics, Graphic Design, Cloud Computing",Hackathon,Both
U1172,"Ethical Hacking, Microcontrollers, Circuit Design, Communication","Microcontrollers, VLSI, Digital Forensics",Bootcamp,Offline
U1173,"TypeScript, Technical Writing, API Development, Node.js, Backend Development","Machine Learning, App Development, Open Source",Workshop,Offline
U1174,"SQL, Computer Vision, Deep Learning","NLP, Artificial Intelligence, Computer Vision, VLSI","Conference, Workshop",Offline
U1175,"ESP32, Drone Technology, Robotics, Digital Electronics, PCB Design","PCB Design, Internet of Things, Electronics","Hackathon, Competition",Online
U1176,"Web Development, Content Creation, Backend Development, HTML/CSS, SQL","Backend Development, Open Source, Frontend Development, Product Design, Web Development",Workshop,Both
U1177,"Internet of Things, Arduino, Embedded Systems, Software Development, JavaScript","Internet of Things, Software Engineering, Smart Devices, Web Development",Workshop,Both
U1178,"Natural Language Processing, Problem Solving, Raspberry Pi","Internet of Things, Generative AI, Computer Vision","Project Exhibition, Seminar",Offline
U1179,"Linux, Embedded Systems, AWS, Internet of Things","Automation, Smart Devices, Cloud Architecture",Hackathon,Both
U1180,"JavaScript, Content Creation, Sensors, 3D Design, CAD","Robotics, Animation, Graphic Design, Backend Development, 3D Design","Hackathon, Competition",Both
U1181,"Video Editing, Content Creation, CAD, Communication, Animation, Network Security","Animation, UI/UX, Graphic Design, Data Analytics","Project Exhibition, Workshop",Offline
U1182,"UI/UX Design, Natural Language Processing, TypeScript, SQL","Graphic Design, Generative AI, App Development",Competition,Both
U1183,"Teamwork, Ethical Hacking, Linux, Problem Solving","Cybersecurity, Digital Forensics, Ethical Hacking, Network Security","Bootcamp, Seminar",Offline
U1184,"Data Analytics, Natural Language Processing, Deep Learning","Machine Learning, Artificial Intelligence, Data Analytics, App Development, Frontend Development","Bootcamp, Project Exhibition",Online
U1185,"Leadership, Innovation, Digital Marketing, Embedded Systems, Entrepreneurship, Communication, Microcontrollers","Marketing, Product Management, Microcontrollers, PCB Design","Project Exhibition, Workshop",Both
U1186,"UI/UX Design, Sensors, Internet of Things, Embedded Systems","Smart Devices, Automation, UI/UX",Bootcamp,Both
U1187,"CAD, Python, Microcontrollers, Cloud Computing, Computer Vision","Product Design, Embedded Systems, PCB Design, Cloud Architecture","Bootcamp, Workshop",Both
U1188,"Animation, Graphic Design, UI/UX Design, Content Creation, Entrepreneurship","Graphic Design, UI/UX, Animation, Automation",Project Exhibition,Offline
U1189,"Sensors, Automation, Robot Programming, Raspberry Pi","Automation, Robotics, Drones","Workshop, Project Exhibition",Both
U1190,"Docker, Data Science, Computer Vision, Machine Learning, AWS","Computer Vision, Cloud Architecture, Generative AI, DevOps","Workshop, Conference",Both
U1191,"Deep Learning, Generative AI, SQL","Computer Vision, Generative AI, Data Science","Tech Talk, Bootcamp",Offline
U1192,"Teamwork, Project Management, Entrepreneurship","Innovation, Startups, Public Speaking, Leadership, Microcontrollers",Seminar,Both
U1193,"Software Development, Azure, Teamwork, Problem Solving, Kubernetes","Software Engineering, Cloud Computing, Cloud Architecture, Electronics",Conference,Both
U1194,"Problem Solving, Sensors, Arduino, Internet of Things, Automation","Computer Vision, Smart Devices, Robotics, Automation",Competition,Offline
U1195,"React, Frontend Development, Software Development","Web Development, Software Engineering, Frontend Development",Bootcamp,Both
U1196,"Generative AI, Natural Language Processing, Data Analytics","Data Science, Data Analytics, Generative AI, NLP","Bootcamp, Hackathon",Online
U1197,"React, SQL, JavaScript, Web Development, Leadership, Software Development","Web Development, App Development, Software Engineering","Workshop, Tech Talk",Both
U1198,"Microcontrollers, Software Development, Digital Electronics, Data Analytics, ESP32, Embedded Systems","Embedded Systems, PCB Design, Artificial Intelligence, DevOps, Microcontrollers, Computer Vision","Hackathon, Tech Talk",Online
U1199,"Digital Electronics, PCB Design, Cybersecurity, Teamwork, Data Analytics","Digital Forensics, Data Analytics, Ethical Hacking",Bootcamp,Offline
U1200,"Electronics, Robotics, Arduino","Drones, Automation, Electronics, Robotics","Workshop, Competition",Both
U1201,"Software Development, Problem Solving, Content Creation, JavaScript, Docker","DevOps, Cloud Computing, Cloud Architecture, Open Source, Backend Development","Workshop, Bootcamp",Online
U1202,"Public Speaking, Digital Marketing, Entrepreneurship, Marketing, Leadership","Public Speaking, Leadership, Startups, Computer Vision, Data Analytics","Workshop, Seminar",Both
U1203,"Sensors, Robotics, Raspberry Pi, Digital Marketing, Project Management","Robotics, Internet of Things, Drones, Automation",Competition,Offline
U1204,"Embedded Systems, Sensors, Circuit Design, Leadership, Arduino","Drones, Internet of Things, Product Design",Competition,Online
U1205,"Web Development, ESP32, CAD, App Development, React","Frontend Development, Backend Development, Microcontrollers",Hackathon,Both
U1206,"Digital Forensics, App Development, Teamwork, Web Development, React, Linux","Data Science, Ethical Hacking, Network Security","Bootcamp, Project Exhibition",Both
U1207,"Embedded Systems, Arduino, Digital Electronics, VLSI","PCB Design, Microcontrollers, Electronics, DevOps","Workshop, Hackathon",Both
U1208,"Technical Writing, Video Editing, Software Development, Linux","DevOps, Software Engineering, Graphic Design",Tech Talk,Offline
U1209,"App Development, React, Web Development","Frontend Development, 3D Design, Backend Development",Bootcamp,Online
U1210,"Internet of Things, Embedded Systems, Sensors, UI/UX Design, Azure, Linux, Cloud Computing","Smart Devices, Drones, Automation","Bootcamp, Hackathon",Both
U1211,"Cybersecurity, Video Editing, Python, Ethical Hacking","3D Design, Product Design, UI/UX, Cyber Defense","Workshop, Conference",Online
U1212,"Technical Writing, CAD, 3D Design, Video Editing, Animation","Graphic Design, Animation, 3D Design","Conference, Workshop",Both
U1213,"API Development, VLSI, Electronics, Circuit Design, ESP32","Open Source, Embedded Systems, Cloud Architecture","Workshop, Competition",Both
U1214,"Product Management, Public Speaking, Natural Language Processing, Communication","Innovation, Product Management, Data Science, App Development, Backend Development",Conference,Offline
U1215,"HTML/CSS, Node.js, React, Web Development","Machine Learning, Web Development, Data Analytics",Workshop,Both
U1216,"Technical Writing, Ethical Hacking, CAD, Frontend Development, 3D Design, Digital Forensics","Backend Development, Network Security, UI/UX","Seminar, Hackathon",Offline
U1217,"Web Development, ESP32, Internet of Things, TypeScript","Robotics, Frontend Development, Backend Development, Autonomous Systems",Hackathon,Online
U1218,"Docker, React, Natural Language Processing, Problem Solving","Generative AI, Open Source, Frontend Development","Webinar, Workshop",Online
U1219,"Automation, Robot Programming, Drone Technology, Robotics, Raspberry Pi, Arduino","Smart Devices, Autonomous Systems, Robotics","Hackathon, Competition",Offline
U1220,"Backend Development, Frontend Development, SQL, HTML/CSS, Problem Solving","Open Source, App Development, Software Engineering","Bootcamp, Workshop",Both
U1221,"Python, React, Communication, Teamwork","Ethical Hacking, Cyber Defense, Product Design, App Development",Hackathon,Both
U1222,"VLSI, UI/UX Design, Sensors","Smart Devices, Digital Electronics, Drones, Embedded Systems, Internet of Things",Hackathon,Offline
U1223,"Linux, UI/UX Design, Animation, Computer Vision, Natural Language Processing","NLP, Computer Vision, Cybersecurity, Leadership",Career Fair,Offline
U1224,"Backend Development, Problem Solving, SQL, API Development, Linux","App Development, Web Development, Open Source, Cloud Architecture",Hackathon,Online
U1225,"Video Editing, CAD, 3D Design, UI/UX Design, Teamwork","Graphic Design, Animation, 3D Design",Conference,Both
U1226,"Problem Solving, Cryptography, Python","Ethical Hacking, Digital Forensics, Network Security, Cyber Defense",Competition,Offline
U1227,"Problem Solving, Azure, AWS, Docker, Animation","Cloud Architecture, DevOps, Cloud Computing","Conference, Bootcamp",Both
U1228,"Embedded Systems, Digital Electronics, Circuit Design, VLSI","PCB Design, VLSI, Digital Electronics",Project Exhibition,Both
U1229,"SQL, Node.js, Software Development, JavaScript, Communication","Web Development, Frontend Development, Computer Vision, UI/UX, Backend Development",Bootcamp,Offline
U1230,"Microcontrollers, PCB Design, Electronics, Arduino, Circuit Design","Internet of Things, Digital Electronics, Electronics, VLSI",Seminar,Both
U1231,"Backend Development, Frontend Development, Product Management, Teamwork","Web Development, Frontend Development, Open Source, Public Speaking","Career Fair, Workshop",Both
U1232,"Public Speaking, Business Strategy, Leadership, Web Development","Marketing, Product Management, Entrepreneurship, Startups, Data Science","Conference, Project Exhibition",Online
U1233,"Sensors, Automation, Circuit Design, Microcontrollers, Robotics","VLSI, Autonomous Systems, Electronics","Workshop, Competition",Offline
U1234,"Data Analytics, Generative AI, Deep Learning","Data Analytics, Machine Learning, Computer Vision, Generative AI","Bootcamp, Tech Talk",Both
U1235,"Embedded Systems, Electronics, Arduino, PCB Design, Microcontrollers","PCB Design, Electronics, Microcontrollers, Cybersecurity","Project Exhibition, Workshop",Both
U1236,"Teamwork, Web Development, Leadership, Digital Marketing","Backend Development, Innovation, Startups, Public Speaking",Seminar,Offline
U1237,"Robot Programming, Software Development, Robotics, Marketing, TypeScript","Robotics, Web Development, Public Speaking",Project Exhibition,Offline
U1238,"Cybersecurity, Docker, Ethical Hacking, Kubernetes","DevOps, Network Security, Cloud Architecture, Cloud Computing, Digital Forensics","Tech Talk, Workshop",Offline
U1239,"Computer Vision, Data Science, Generative AI, Python, Machine Learning","Generative AI, Computer Vision, Data Analytics, Internet of Things","Workshop, Tech Talk",Offline
U1240,"Problem Solving, Python, Cybersecurity, Network Security, Ethical Hacking","Cybersecurity, Digital Forensics, Ethical Hacking, DevOps",Bootcamp,Online
U1241,"Communication, Innovation, Project Management, Marketing","Public Speaking, Entrepreneurship, Product Management",Webinar,Online
U1242,"Natural Language Processing, SQL, Generative AI, Computer Vision, Data Science, Drone Technology","Data Science, Data Analytics, Computer Vision, Generative AI","Hackathon, Career Fair",Offline
U1243,"Digital Forensics, Cybersecurity, Docker, Cloud Computing, Python, Data Analytics","Cloud Computing, Network Security, Cyber Defense, Cybersecurity",Webinar,Both
U1244,"Electronics, SQL, HTML/CSS, PCB Design, Microcontrollers","VLSI, Open Source, Electronics, Web Development",Project Exhibition,Both
U1245,"Public Speaking, Project Management, Entrepreneurship, Graphic Design, Content Creation","Public Speaking, Entrepreneurship, Startups","Webinar, Tech Talk",Online
U1246,"Raspberry Pi, VLSI, Automation, Embedded Systems","Electronics, Autonomous Systems, Embedded Systems","Competition, Project Exhibition",Online
U1247,"Azure, Docker, AWS, DevOps, PCB Design","Cloud Computing, Software Engineering, Cloud Architecture, DevOps, Computer Vision",Tech Talk,Offline
U1248,"Node.js, Frontend Development, App Development, Web Development, Software Development","Frontend Development, Open Source, Web Development, Software Engineering",Project Exhibition,Online
U1249,"Drone Technology, Raspberry Pi, Robotics, Sensors, Cryptography","Automation, Autonomous Systems, Drones",Competition,Online
U1250,"Internet of Things, SQL, Product Management, Natural Language Processing","Leadership, Automation, Smart Devices",Project Exhibition,Online
U1251,"Graphic Design, Communication, Animation, CAD, Video Editing","Animation, Graphic Design, Product Design, Generative AI",Project Exhibition,Offline
U1252,"Teamwork, Communication, Animation, Digital Marketing, Leadership","Product Design, Graphic Design, Public Speaking, Innovation","Bootcamp, Workshop",Both
U1253,"DevOps, Python, Cloud Computing, Docker, Kubernetes","NLP, Cloud Computing, DevOps",Workshop,Both
U1254,"Leadership, Circuit Design, Embedded Systems, Problem Solving","Cyber Defense, PCB Design, Embedded Systems","Project Exhibition, Workshop",Both
U1255,"PCB Design, Ethical Hacking, Cybersecurity, Python, Linux","Cyber Defense, Electronics, Ethical Hacking",Seminar,Online
U1256,"ESP32, PCB Design, Digital Electronics, Software Development","Digital Electronics, Electronics, Microcontrollers","Competition, Workshop",Both
U1257,"Ethical Hacking, Problem Solving, Linux","Digital Forensics, Ethical Hacking, Cybersecurity","Bootcamp, Seminar",Offline
U1258,"Natural Language Processing, Teamwork, Python, Machine Learning, Generative AI","Data Analytics, Data Science, Machine Learning, Software Engineering",Workshop,Offline
U1259,"Product Management, Robotics, TypeScript, Digital Forensics, Digital Marketing","Internet of Things, Cyber Defense, Network Security",Hackathon,Both
U1260,"Linux, DevOps, Kubernetes, Communication","Cloud Architecture, Cloud Computing, DevOps, Ethical Hacking, Cybersecurity",Bootcamp,Offline
U1261,"Internet of Things, Drone Technology, SQL, Actuators","Artificial Intelligence, Autonomous Systems, NLP, Drones, Computer Vision",Workshop,Offline
U1262,"Public Speaking, Business Strategy, Leadership, Entrepreneurship","Product Management, Marketing, Startups, Entrepreneurship",Conference,Both
U1263,"Linux, ESP32, Cryptography, Circuit Design","Microcontrollers, Network Security, Embedded Systems",Conference,Offline
U1264,"Linux, DevOps, Kubernetes, AWS","Cloud Computing, Software Engineering, Cloud Architecture","Webinar, Conference",Online
U1265,"HTML/CSS, Frontend Development, SQL, Linux, Digital Forensics","App Development, Open Source, Web Development",Hackathon,Online
U1266,"Software Development, HTML/CSS, App Development, Frontend Development","Frontend Development, Software Engineering, Web Development","Bootcamp, Competition",Offline
U1267,"Graphic Design, Content Creation, UI/UX Design, SQL, Data Science","3D Design, Animation, Graphic Design",Bootcamp,Online
U1268,"ESP32, Problem Solving, Electronics, VLSI","Internet of Things, VLSI, Electronics, Digital Electronics","Competition, Project Exhibition",Offline
U1269,"Data Science, Problem Solving, ESP32, Cryptography","Ethical Hacking, Digital Forensics, Data Science","Conference, Tech Talk",Online
U1270,"Circuit Design, Digital Electronics, Electronics, ESP32, VLSI, Machine Learning","VLSI, Internet of Things, Microcontrollers",Hackathon,Online
U1271,"Problem Solving, Machine Learning, Python, Deep Learning, Generative AI","Data Analytics, Generative AI, Machine Learning, Digital Electronics",Hackathon,Offline
U1272,"Network Security, Microcontrollers, Linux, Problem Solving, Cryptography","Cyber Defense, Network Security, VLSI, Ethical Hacking",Bootcamp,Both
U1273,"Embedded Systems, Actuators, Public Speaking, Business Strategy, Drone Technology","UI/UX, Leadership, Innovation",Workshop,Online
U1274,"VLSI, Circuit Design, SQL, Problem Solving","App Development, PCB Design, Internet of Things, Open Source",Project Exhibition,Offline
U1275,"Internet of Things, VLSI, Digital Electronics, Arduino, Raspberry Pi, PCB Design","Automation, Digital Electronics, VLSI",Competition,Offline
U1276,"Docker, AWS, DevOps","Cloud Computing, Cloud Architecture, DevOps, Software Engineering","Bootcamp, Tech Talk",Offline
U1277,"Entrepreneurship, Business Strategy, Innovation, Teamwork","Product Management, Marketing, Leadership","Workshop, Hackathon",Both
U1278,"Business Strategy, Product Management, Teamwork, Entrepreneurship, Digital Marketing","Startups, Product Management, Entrepreneurship, Animation","Seminar, Conference",Both
U1279,"Leadership, Product Management, Innovation, Python, Cybersecurity","Innovation, Product Management, Startups",Seminar,Online
U1280,"Teamwork, UI/UX Design, Video Editing, Content Creation, Communication","3D Design, Animation, Graphic Design",Project Exhibition,Both
U1281,"ESP32, Embedded Systems, Microcontrollers, Arduino","Open Source, App Development, Backend Development",Hackathon,Offline
U1282,"Video Editing, Generative AI, Computer Vision, Natural Language Processing, Machine Learning","NLP, Artificial Intelligence, UI/UX, Machine Learning","Bootcamp, Seminar",Both
U1283,"Generative AI, Deep Learning, Computer Vision, Natural Language Processing, Machine Learning, PCB Design","NLP, Artificial Intelligence, Generative AI, Machine Learning","Bootcamp, Workshop",Online
U1284,"Microcontrollers, 3D Design, Circuit Design, Graphic Design, UI/UX Design, Ethical Hacking","Digital Forensics, 3D Design, Graphic Design, Animation",Project Exhibition,Offline
U1285,"Robotics, Backend Development, Arduino, Circuit Design, Internet of Things","Software Engineering, Drones, Automation, Electronics",Project Exhibition,Both
U1286,"Digital Electronics, VLSI, Ethical Hacking, Arduino","Autonomous Systems, Embedded Systems, Network Security, Automation, Electronics","Workshop, Project Exhibition",Offline
U1287,"Data Analytics, Python, SQL, UI/UX Design","Artificial Intelligence, Computer Vision, Data Analytics","Hackathon, Conference",Offline
U1288,"Automation, Sensors, Arduino, Internet of Things, Problem Solving","Smart Devices, Automation, Robotics, Computer Vision","Competition, Career Fair",Both
U1289,"Animation, Digital Electronics, 3D Design, AWS, Python","Cloud Architecture, Graphic Design, Animation",Conference,Offline
U1290,"AWS, Linux, DevOps, Natural Language Processing, Machine Learning, SQL","Cloud Computing, Software Engineering, DevOps","Workshop, Webinar",Both
U1291,"Arduino, Internet of Things, Automation, Sensors","Computer Vision, Smart Devices, Robotics",Competition,Offline
U1292,"HTML/CSS, Drone Technology, Robot Programming","App Development, Autonomous Systems, Internet of Things, Open Source","Competition, Hackathon",Both
U1293,"Entrepreneurship, Innovation, SQL, Deep Learning, Natural Language Processing","Generative AI, Computer Vision, Marketing","Bootcamp, Workshop",Both
U1294,"Robot Programming, Raspberry Pi, Robotics, Communication","Robotics, UI/UX, Drones",Project Exhibition,Both
U1295,"Deep Learning, Data Analytics, Problem Solving, Project Management, Content Creation","Data Science, Generative AI, NLP, Machine Learning","Bootcamp, Workshop",Offline
U1296,"SQL, TypeScript, Sensors","Smart Devices, Automation, Drones",Conference,Both
U1297,"Network Security, Cloud Computing, Software Development, Problem Solving, Ethical Hacking","Cloud Architecture, Cloud Computing, Software Engineering, Ethical Hacking",Webinar,Both
U1298,"Cloud Computing, Software Development, Azure, Docker, Linux","Backend Development, DevOps, Cloud Architecture, Frontend Development",Hackathon,Online
U1299,"Data Analytics, Python, Machine Learning, Cybersecurity, Cryptography, Ethical Hacking","Ethical Hacking, Data Analytics, Data Science",Workshop,Offline
U1300,"Innovation, Business Strategy, Public Speaking, Product Management, Automation, Drone Technology","Startups, Public Speaking, Leadership, Robotics",Conference,Both
U1301,"Leadership, Innovation, Business Strategy, Communication, Animation","Marketing, Innovation, Leadership, Startups",Webinar,Online
U1302,"Cybersecurity, Network Security, Linux, Ethical Hacking, Cryptography","Cybersecurity, Network Security, Digital Forensics, 3D Design",Conference,Online
U1303,"Docker, Linux, AWS, Kubernetes","DevOps, Cloud Computing, Software Engineering, Cloud Architecture",Tech Talk,Offline
U1304,"SQL, Data Science, Backend Development, Problem Solving","App Development, Computer Vision, Software Engineering, Open Source",Bootcamp,Both
U1305,"Data Science, Software Development, Data Analytics, Embedded Systems","Artificial Intelligence, DevOps, Computer Vision","Tech Talk, Project Exhibition",Offline
U1306,"Robotics, Video Editing, Raspberry Pi, Graphic Design, Sensors","3D Design, Autonomous Systems, UI/UX",Conference,Both
U1307,"Drone Technology, Robot Programming, Actuators, Embedded Systems","Robotics, Internet of Things, Autonomous Systems, Leadership",Competition,Both
U1308,"Cryptography, Problem Solving, Python","Network Security, Ethical Hacking, Cybersecurity",Workshop,Offline
U1309,"Entrepreneurship, Digital Marketing, Communication, Animation","Leadership, Entrepreneurship, Public Speaking",Seminar,Both
U1310,"Animation, Communication, UI/UX Design, 3D Design","UI/UX, Product Design, Artificial Intelligence, Graphic Design, NLP","Hackathon, Project Exhibition",Offline
U1311,"Ethical Hacking, Cybersecurity, Python, Linux","Ethical Hacking, Cyber Defense, Cybersecurity",Conference,Offline
U1312,"Frontend Development, SQL, Sensors, Actuators, Embedded Systems","App Development, Drones, Open Source",Bootcamp,Offline
U1313,"Web Development, SQL, Backend Development, JavaScript, Electronics, ESP32","Backend Development, Open Source, Frontend Development, Data Analytics",Workshop,Both
U1314,"Web Development, API Development, Network Security, JavaScript, Software Development","Cyber Defense, Frontend Development, Ethical Hacking",Bootcamp,Both
U1315,"Embedded Systems, PCB Design, Electronics, Circuit Design, ESP32","Digital Electronics, VLSI, Internet of Things",Project Exhibition,Online
U1316,"Software Development, Data Science, Azure, Docker","Machine Learning, Cloud Computing, DevOps, Data Science",Bootcamp,Both
U1317,"DevOps, Kubernetes, HTML/CSS, Web Development, AWS","Cloud Computing, DevOps, Frontend Development",Project Exhibition,Offline
U1318,"Cybersecurity, Linux, DevOps, Cryptography, Problem Solving","Cybersecurity, Digital Forensics, Cloud Computing, Ethical Hacking",Competition,Both
U1319,"Software Development, SQL, JavaScript, Project Management, Problem Solving","Backend Development, App Development, Open Source, Frontend Development","Workshop, Project Exhibition",Online
U1320,"Network Security, Problem Solving, Cryptography, Software Development, Docker","Cloud Computing, Network Security, Cyber Defense, Startups",Tech Talk,Online
U1321,"Embedded Systems, Arduino, Automation, Internet of Things","Autonomous Systems, Automation, Drones","Workshop, Seminar",Online
U1322,"Problem Solving, Python, SQL, Data Analytics, Computer Vision","Data Analytics, Data Science, Generative AI",Hackathon,Online
U1323,"Python, Linux, Ethical Hacking, Electronics, Leadership, Problem Solving","Internet of Things, Digital Forensics, Network Security",Bootcamp,Online
U1324,"Software Development, Cryptography, Linux, Network Security","Cloud Architecture, Cyber Defense, Internet of Things, Network Security","Conference, Webinar",Both
U1325,"Content Creation, UI/UX Design, CAD, 3D Design, Animation","Animation, Product Design, Graphic Design",Bootcamp,Online
U1326,"CAD, 3D Design, Video Editing, Technical Writing","Animation, 3D Design, Graphic Design, Network Security, Digital Forensics, Ethical Hacking",Conference,Both
U1327,"Technical Writing, 3D Design, UI/UX Design, CAD","UI/UX, 3D Design, Graphic Design",Bootcamp,Both
U1328,"Docker, Problem Solving, DevOps, Software Development","Cloud Architecture, Software Engineering, DevOps, PCB Design","Tech Talk, Conference",Offline
U1329,"Linux, DevOps, Kubernetes, Robotics, CAD","Cloud Architecture, Cloud Computing, DevOps",Bootcamp,Offline
U1330,"Video Editing, Content Creation, Graphic Design, CAD, SQL","UI/UX, 3D Design, Product Design","Workshop, Hackathon",Online
U1331,"Animation, Leadership, CAD, Content Creation, UI/UX Design","Graphic Design, Product Management, Animation","Project Exhibition, Conference",Offline
U1332,"Generative AI, Problem Solving, Python, Machine Learning, Deep Learning","Data Analytics, Generative AI, Machine Learning, Frontend Development","Hackathon, Conference",Offline
U1333,"Leadership, Electronics, Cryptography","Digital Electronics, Network Security, Internet of Things, Cybersecurity","Seminar, Competition",Offline
U1334,"Video Editing, Arduino, Problem Solving, CAD","Smart Devices, Animation, Automation","Conference, Competition",Online
U1335,"Problem Solving, Linux, Computer Vision, AWS, DevOps, Python","Software Engineering, Generative AI, Cloud Computing, Computer Vision","Conference, Webinar",Offline
U1336,"VLSI, Digital Electronics, Embedded Systems, ESP32, Leadership, Arduino","Microcontrollers, Backend Development, PCB Design, Marketing","Workshop, Hackathon",Both
U1337,"Graphic Design, UI/UX Design, Communication, Content Creation, 3D Design","Animation, 3D Design, UI/UX, Network Security",Bootcamp,Both
U1338,"Graphic Design, Animation, UI/UX Design, Communication","Product Design, UI/UX, Graphic Design",Project Exhibition,Offline
U1339,"Internet of Things, PCB Design, Arduino, ESP32, Raspberry Pi, Electronics","Digital Electronics, Automation, PCB Design, Generative AI",Competition,Both
U1340,"Machine Learning, Frontend Development, Computer Vision, Generative AI, JavaScript","Software Engineering, Data Analytics, App Development","Tech Talk, Project Exhibition",Offline
U1341,"Machine Learning, Problem Solving, Cryptography, Computer Vision, Python","Artificial Intelligence, Generative AI, Digital Forensics","Bootcamp, Competition",Both
U1342,"Natural Language Processing, Python, Deep Learning, Computer Vision, Embedded Systems, Microcontrollers","Computer Vision, NLP, Microcontrollers, Generative AI",Hackathon,Both
U1343,"Python, Cybersecurity, Electronics, Microcontrollers","Internet of Things, Digital Electronics, Cyber Defense, Cybersecurity",Conference,Offline
U1344,"Automation, Sensors, Computer Vision, Leadership","Autonomous Systems, Machine Learning, Smart Devices, Internet of Things","Tech Talk, Hackathon",Online
U1345,"Cryptography, ESP32, Electronics, UI/UX Design, Digital Forensics","Cybersecurity, Digital Electronics, PCB Design",Conference,Offline
U1346,"Embedded Systems, Digital Electronics, PCB Design, Circuit Design","Embedded Systems, PCB Design, Microcontrollers",Workshop,Both
U1347,"HTML/CSS, DevOps, Azure","Software Engineering, Cloud Architecture, DevOps, Open Source",Conference,Offline
U1348,"Electronics, Video Editing, Digital Forensics","Embedded Systems, Internet of Things, Product Design, Graphic Design",Project Exhibition,Online
U1349,"CAD, 3D Design, Animation, Communication, SQL, Generative AI","Graphic Design, Product Design, Animation","Project Exhibition, Workshop",Online
U1350,"Problem Solving, App Development, Python, PCB Design, JavaScript","Open Source, VLSI, Ethical Hacking, Digital Forensics",Bootcamp,Offline
U1351,"Software Development, DevOps, Business Strategy","Entrepreneurship, Cloud Computing, Software Engineering","Career Fair, Webinar",Both
U1352,"Teamwork, AWS, Technical Writing, Backend Development, CAD","Cloud Computing, Animation, 3D Design, Web Development","Bootcamp, Workshop",Online
U1353,"Electronics, Microcontrollers, Embedded Systems, ESP32","Embedded Systems, Digital Electronics, Microcontrollers",Competition,Both
U1354,"Public Speaking, Communication, Innovation","Leadership, Marketing, Startups","Webinar, Career Fair",Offline
U1355,"Digital Marketing, UI/UX Design, Business Strategy, Project Management","3D Design, Marketing, VLSI, UI/UX",Seminar,Both
U1356,"SQL, Software Development, Problem Solving, Node.js, JavaScript","Frontend Development, DevOps, Artificial Intelligence, App Development","Workshop, Tech Talk",Both
U1357,"Robot Programming, Drone Technology, Actuators, Embedded Systems, TypeScript","Robotics, Internet of Things, Autonomous Systems, Leadership",Competition,Offline
U1358,"Microcontrollers, PCB Design, Embedded Systems, Electronics, Arduino, Problem Solving","PCB Design, Electronics, Microcontrollers, Artificial Intelligence","Project Exhibition, Webinar",Online
U1359,"JavaScript, Frontend Development, SQL, Backend Development, Robotics","Web Development, App Development, Software Engineering","Workshop, Bootcamp",Both
U1360,"Problem Solving, DevOps, AWS, Linux","Software Engineering, Cloud Architecture, DevOps, Cloud Computing","Webinar, Workshop",Online
U1361,"Linux, Cybersecurity, Digital Forensics, Computer Vision","Cybersecurity, Network Security, Ethical Hacking, Open Source",Competition,Online
U1362,"Data Science, Natural Language Processing, Machine Learning, Leadership, JavaScript, Software Development","Product Management, Entrepreneurship, Artificial Intelligence, Data Analytics","Tech Talk, Workshop",Offline
U1363,"Generative AI, Machine Learning, Data Analytics, Actuators, Drone Technology","Data Analytics, Artificial Intelligence, Generative AI",Bootcamp,Offline
U1364,"AWS, Docker, Kubernetes, Linux, Problem Solving","Cloud Computing, DevOps, Software Engineering","Tech Talk, Conference",Both
U1365,"Cybersecurity, Cryptography, CAD, Content Creation, Ethical Hacking","UI/UX, 3D Design, Ethical Hacking, Digital Forensics","Competition, Bootcamp",Offline
U1366,"Machine Learning, Web Development, Computer Vision, Robot Programming","Machine Learning, Backend Development, Open Source","Project Exhibition, Conference",Offline
U1367,"Ethical Hacking, Web Development, JavaScript, Digital Electronics","Frontend Development, Ethical Hacking, Cyber Defense, Microcontrollers",Seminar,Offline
U1368,"Web Development, SQL, Backend Development, JavaScript, Actuators","Frontend Development, Open Source, Backend Development",Bootcamp,Online
U1369,"Public Speaking, Leadership, Entrepreneurship, Marketing, Digital Marketing","Product Management, Entrepreneurship, Innovation, Marketing","Webinar, Hackathon",Online
U1370,"Software Development, Python, Project Management, Data Analytics, Data Science, App Development","Generative AI, Cloud Computing, NLP, Machine Learning",Bootcamp,Both
U1371,"API Development, Web Development, Backend Development","Software Engineering, Frontend Development, Open Source, Web Development",Bootcamp,Online
U1372,"Software Development, Docker, Linux, SQL, AWS","Software Engineering, Cloud Architecture, Open Source, DevOps",Bootcamp,Both
U1373,"Deep Learning, Machine Learning, Natural Language Processing","Data Analytics, Data Science, Artificial Intelligence",Hackathon,Offline
U1374,"Network Security, Problem Solving, Cryptography, Digital Forensics, Python, Digital Marketing","Cybersecurity, Network Security, Digital Forensics, Ethical Hacking","Workshop, Project Exhibition",Both
U1375,"Arduino, Embedded Systems, Drone Technology, VLSI, Actuators, PCB Design","Embedded Systems, Autonomous Systems, Drones, Digital Electronics",Seminar,Offline
U1376,"React, Problem Solving, Content Creation, Backend Development","Graphic Design, Open Source, Web Development, Automation","Hackathon, Workshop",Both
U1377,"Problem Solving, Python, Data Analytics, Communication, SQL, Digital Marketing","Data Analytics, Artificial Intelligence, Generative AI, Animation","Tech Talk, Workshop",Offline
U1378,"SQL, Data Analytics, Natural Language Processing, Machine Learning, Generative AI, AWS","Data Analytics, NLP, Computer Vision",Conference,Both
U1379,"AWS, DevOps, Software Development, Generative AI, Data Analytics, Machine Learning","Cloud Architecture, DevOps, Software Engineering, Microcontrollers","Tech Talk, Competition",Online
U1380,"Natural Language Processing, Python, Data Science","Generative AI, Machine Learning, Computer Vision",Workshop,Both
U1381,"HTML/CSS, React, Web Development, Frontend Development","Open Source, App Development, Frontend Development, Backend Development",Hackathon,Both
U1382,"Embedded Systems, Problem Solving, Deep Learning, Project Management","Drones, Computer Vision, Automation","Project Exhibition, Workshop",Online
U1383,"Problem Solving, Teamwork, Azure, Kubernetes, AWS, Software Development","Cloud Computing, Cloud Architecture, Software Engineering",Conference,Online
U1384,"Data Analytics, Generative AI, Natural Language Processing, SQL","Data Science, Computer Vision, NLP",Conference,Both
U1385,"Data Science, Computer Vision, Backend Development, Web Development","Frontend Development, Open Source, NLP","Workshop, Hackathon",Both
U1386,"Data Science, SQL, Data Analytics, Problem Solving","Generative AI, Software Engineering, Data Analytics, Cloud Computing",Workshop,Both
U1387,"Innovation, DevOps, Linux, Business Strategy, Entrepreneurship, Public Speaking","Product Management, Cloud Computing, DevOps",Webinar,Offline
U1388,"Teamwork, Problem Solving, Cloud Computing, Azure","Cloud Architecture, Software Engineering, Cloud Computing, VLSI","Webinar, Conference",Both
U1389,"PCB Design, Arduino, Microcontrollers, Electronics, Circuit Design","VLSI, Internet of Things, Electronics, Digital Electronics",Seminar,Offline
U1390,"Digital Electronics, Problem Solving, Cryptography, Ethical Hacking","Cybersecurity, Electronics, PCB Design, Network Security",Conference,Offline
U1391,"Web Development, Machine Learning, TypeScript, HTML/CSS","Entrepreneurship, Open Source, Artificial Intelligence, DevOps",Competition,Offline
U1392,"Deep Learning, Data Science, Network Security, Cryptography, Python","NLP, Artificial Intelligence, Digital Forensics, Computer Vision","Bootcamp, Workshop",Offline
U1393,"Problem Solving, Cybersecurity, Embedded Systems, ESP32, Digital Electronics","Cybersecurity, Digital Forensics, Embedded Systems, Autonomous Systems",Workshop,Offline
U1394,"Ethical Hacking, Cryptography, Network Security, Innovation, Product Management","Cybersecurity, Network Security, Ethical Hacking, Web Development, App Development","Workshop, Seminar",Both
U1395,"Cloud Computing, Communication, Azure, DevOps","DevOps, 3D Design, Product Design, UI/UX","Bootcamp, Conference",Offline
U1396,"Robot Programming, Software Development, Robotics, Marketing, PCB Design","Entrepreneurship, Web Development, Robotics, Public Speaking",Project Exhibition,Online
U1397,"Leadership, Project Management, Web Development, Teamwork","Innovation, Startups, Public Speaking",Workshop,Online
U1398,"Kubernetes, SQL, Cloud Computing","App Development, Cloud Architecture, DevOps","Competition, Workshop",Both
U1399,"SQL, Software Development, Graphic Design, React, API Development","Frontend Development, Product Design, 3D Design, Open Source",Workshop,Offline
U1400,"Leadership, Problem Solving, Machine Learning, Business Strategy","Generative AI, Entrepreneurship, Data Analytics, Product Management",Bootcamp,Offline
U1401,"Network Security, Linux, Cryptography","Network Security, Cybersecurity, Digital Forensics, Generative AI",Workshop,Both
U1402,"Communication, Content Creation, UI/UX Design, VLSI","Animation, 3D Design, UI/UX","Workshop, Project Exhibition",Both
U1403,"Data Analytics, Python, SQL, Teamwork, Problem Solving, Digital Forensics","Artificial Intelligence, NLP, Computer Vision, Data Analytics, Network Security","Hackathon, Conference",Both
U1404,"Actuators, Digital Electronics, Content Creation, Animation","Animation, Microcontrollers, Graphic Design, Drones",Bootcamp,Both
U1405,"Software Development, AWS, Linux, Cloud Computing, Docker","Cloud Architecture, DevOps, Software Engineering, Cloud Computing","Webinar, Conference",Both
U1406,"Azure, AWS, Computer Vision, Kubernetes, SQL","NLP, Artificial Intelligence, Computer Vision",Conference,Online
U1407,"Data Science, Problem Solving, Generative AI, Computer Vision","Machine Learning, Startups, Data Analytics",Project Exhibition,Online
U1408,"Arduino, Robotics, Robot Programming, Automation, CAD","Automation, Drones, Internet of Things, Robotics","Hackathon, Project Exhibition",Both
U1409,"3D Design, Ethical Hacking, Content Creation, Animation, Problem Solving","Software Engineering, Graphic Design, Animation",Bootcamp,Offline
U1410,"Animation, Graphic Design, UI/UX Design, Content Creation, Problem Solving, Generative AI","Graphic Design, Animation, UI/UX",Project Exhibition,Both
U1411,"HTML/CSS, Frontend Development, SQL, Embedded Systems","Open Source, App Development, Web Development, UI/UX, 3D Design",Bootcamp,Offline
U1412,"Microcontrollers, Circuit Design, Digital Electronics, Actuators, VLSI","Electronics, VLSI, Drones",Competition,Offline
U1413,"PCB Design, Robotics, API Development, Digital Electronics, SQL","Web Development, Open Source, Frontend Development, App Development, Internet of Things, PCB Design","Hackathon, Workshop",Both
U1414,"PCB Design, VLSI, Digital Electronics, Electronics, Microcontrollers","Digital Electronics, Embedded Systems, PCB Design",Hackathon,Both
U1415,"Robotics, Arduino, Internet of Things, Content Creation","Internet of Things, Robotics, Automation, Autonomous Systems","Workshop, Hackathon",Online
U1416,"Microcontrollers, PCB Design, Drone Technology, Embedded Systems, ESP32","VLSI, Robotics, Embedded Systems, Electronics",Project Exhibition,Both
U1417,"Animation, Graphic Design, Azure, Docker, AWS","Cloud Architecture, Graphic Design, UI/UX","Conference, Tech Talk",Both
U1418,"Digital Forensics, Arduino, Network Security","Drones, Digital Forensics, Network Security",Competition,Both
U1419,"UI/UX Design, Graphic Design, Embedded Systems, Circuit Design, Animation","UI/UX, Microcontrollers, Electronics","Project Exhibition, Hackathon",Both
U1420,"Ethical Hacking, Python, Network Security, Cybersecurity","Network Security, Cyber Defense, Ethical Hacking","Workshop, Bootcamp",Both
U1421,"Actuators, Internet of Things, Sensors, UI/UX Design, Animation","UI/UX, Autonomous Systems, Drones","Project Exhibition, Conference",Both
U1422,"Problem Solving, Backend Development, App Development, JavaScript, React","Web Development, Open Source, Backend Development, Network Security","Project Exhibition, Bootcamp",Both
U1423,"UI/UX Design, SQL, Communication","App Development, Animation, Open Source","Conference, Hackathon",Offline
U1424,"Web Development, Deep Learning, Data Science, Node.js, Generative AI","Generative AI, Backend Development, Data Analytics",Bootcamp,Both
U1425,"Azure, Software Development, Kubernetes, AWS, Problem Solving, Python","Cloud Computing, Software Engineering, Cloud Architecture, DevOps","Conference, Workshop",Both
U1426,"Linux, Software Development, HTML/CSS, Kubernetes, DevOps","Cloud Architecture, Software Engineering, Frontend Development, Web Development",Workshop,Online
U1427,"Azure, Software Development, Kubernetes, AWS, Automation, Arduino","Cloud Architecture, Cloud Computing, DevOps, Software Engineering","Conference, Project Exhibition",Both
U1428,"Problem Solving, Digital Forensics, Network Security, Linux","Digital Forensics, Ethical Hacking, Network Security, Cyber Defense, Cybersecurity",Bootcamp,Offline
U1429,"Problem Solving, Python, Cybersecurity, Cryptography, Linux","Digital Forensics, Cybersecurity, Network Security, Ethical Hacking","Seminar, Competition",Both
U1430,"Ethical Hacking, Business Strategy, Entrepreneurship, Linux","Startups, Network Security, Cloud Computing",Career Fair,Both
U1431,"Azure, Backend Development, Software Development, AWS","Cloud Computing, App Development, Cloud Architecture, Open Source","Bootcamp, Hackathon",Both
U1432,"Digital Electronics, Problem Solving, Network Security, Cryptography","Ethical Hacking, Digital Electronics, Network Security, Cyber Defense, Digital Forensics",Project Exhibition,Both
U1433,"3D Design, Video Editing, Communication, Content Creation","UI/UX, Product Design, Graphic Design, 3D Design",Bootcamp,Online
U1434,"Python, Machine Learning, SQL, Network Security","Machine Learning, Digital Forensics, Generative AI, Computer Vision",Hackathon,Offline
U1435,"Graphic Design, UI/UX Design, 3D Design, Natural Language Processing, SQL","UI/UX, Animation, 3D Design, Cybersecurity",Conference,Offline
U1436,"Actuators, Arduino, Robotics, Automation, Robot Programming, Technical Writing","Internet of Things, Smart Devices, Autonomous Systems, Entrepreneurship","Competition, Workshop",Both
U1437,"Cybersecurity, Problem Solving, Cryptography","Generative AI, Network Security, Digital Forensics","Competition, Bootcamp",Offline
U1438,"SQL, React, API Development, Microcontrollers","Frontend Development, App Development, Backend Development, Data Analytics","Bootcamp, Career Fair",Online
U1439,"UI/UX Design, DevOps, Software Development, AWS","Graphic Design, DevOps, Software Engineering, Cloud Architecture",Bootcamp,Both
U1440,"Network Security, Digital Forensics, Problem Solving, Linux","Network Security, Cyber Defense, Ethical Hacking",Bootcamp,Online
U1441,"Circuit Design, Natural Language Processing, Embedded Systems","Robotics, Generative AI, Computer Vision, Artificial Intelligence",Competition,Both
U1442,"Problem Solving, Robotics, Arduino, Robot Programming, Raspberry Pi","Automation, Autonomous Systems, Robotics","Project Exhibition, Workshop",Offline
U1443,"Problem Solving, Generative AI, CAD, Data Analytics","UI/UX, Generative AI, Backend Development",Seminar,Online
U1444,"Teamwork, Python, Communication, React","Ethical Hacking, Product Design, App Development, Cyber Defense","Hackathon, Project Exhibition",Online
U1445,"Azure, TypeScript, Kubernetes, AWS, Communication","Cloud Computing, Product Design, Drones, App Development","Project Exhibition, Competition",Online
U1446,"Machine Learning, Problem Solving, Natural Language Processing, Communication","Digital Forensics, Frontend Development, Animation",Hackathon,Online
U1447,"Node.js, Problem Solving, Web Development, API Development, SQL","Backend Development, Computer Vision, Frontend Development","Project Exhibition, Bootcamp",Offline
U1448,"Product Management, Marketing, CAD","Graphic Design, Product Management, Marketing, Animation, Startups",Career Fair,Both
U1449,"Software Development, App Development, Frontend Development, TypeScript, Backend Development","Open Source, Frontend Development, Backend Development, Software Engineering",Hackathon,Offline
U1450,"Graphic Design, Communication, Content Creation, 3D Design, Generative AI","3D Design, UI/UX, Product Design",Bootcamp,Offline
U1451,"Communication, Leadership, Innovation, Generative AI","Generative AI, Data Analytics, Artificial Intelligence, Marketing, Product Management","Workshop, Bootcamp",Online
U1452,"Embedded Systems, Data Analytics, SQL, Generative AI","Data Analytics, NLP, Computer Vision, Smart Devices, Robotics",Conference,Both
U1453,"Public Speaking, Communication, Computer Vision","Machine Learning, Product Management, NLP","Seminar, Competition",Offline
U1454,"Cloud Computing, Network Security, Linux, Ethical Hacking","Cloud Computing, Ethical Hacking, Digital Forensics, Automation",Webinar,Offline
U1455,"Network Security, Technical Writing, Problem Solving, Communication","Data Science, Digital Forensics, Graphic Design, 3D Design","Hackathon, Bootcamp",Offline
U1456,"Graphic Design, Technical Writing, React, Innovation","3D Design, Frontend Development, Open Source","Workshop, Conference",Both
U1457,"Machine Learning, Python, Deep Learning, Data Science","Artificial Intelligence, Data Science, NLP",Bootcamp,Offline
U1458,"Content Creation, Machine Learning, React, Problem Solving, Backend Development","Graphic Design, Open Source, NLP",Workshop,Online
U1459,"AWS, Kubernetes, DevOps, Linux, Embedded Systems","Cloud Computing, DevOps, Software Engineering",Conference,Both
U1460,"Product Management, Natural Language Processing, Computer Vision, SQL, Generative AI, API Development","NLP, Leadership, Computer Vision","Career Fair, Competition",Offline
U1461,"Video Editing, Communication, 3D Design, CAD, Linux","Product Design, Graphic Design, UI/UX",Project Exhibition,Offline
U1462,"Communication, App Development, API Development, SQL","Internet of Things, Software Engineering, Embedded Systems, Digital Electronics","Workshop, Competition",Offline
U1463,"Software Development, SQL, JavaScript, Arduino, Electronics","Open Source, Backend Development, Frontend Development",Workshop,Both
U1464,"React, TypeScript, Backend Development, SQL, HTML/CSS","Frontend Development, Web Development, Backend Development, Internet of Things, Automation","Project Exhibition, Hackathon",Both
U1465,"Embedded Systems, Business Strategy, Leadership, VLSI","Marketing, Product Management, Digital Electronics, Electronics",Project Exhibition,Online
U1466,"Leadership, Communication, Digital Marketing, Marketing, Teamwork","Product Management, Product Design, Ethical Hacking, App Development",Hackathon,Both
U1467,"AWS, Cloud Computing, Azure","Cloud Architecture, Cloud Computing, Software Engineering",Tech Talk,Offline
U1468,"Kubernetes, DevOps, Problem Solving, Linux, AWS","Cloud Architecture, Cloud Computing, Software Engineering",Webinar,Both
U1469,"Robotics, Robot Programming, Automation, Raspberry Pi","Autonomous Systems, Automation, Drones, Frontend Development",Hackathon,Offline
U1470,"Natural Language Processing, Problem Solving, Animation, Ethical Hacking","3D Design, Network Security, Data Analytics, Graphic Design",Competition,Both
U1471,"Data Analytics, Python, Machine Learning, Cybersecurity, Computer Vision","Data Science, Data Analytics, Machine Learning, Cyber Defense","Bootcamp, Workshop",Both
U1472,"Data Analytics, Python, SQL, React, Web Development, HTML/CSS","Artificial Intelligence, NLP, Computer Vision, Data Analytics, Software Engineering","Hackathon, Conference",Offline
U1473,"Machine Learning, Natural Language Processing, Data Analytics, Embedded Systems, Actuators","Data Analytics, Machine Learning, Artificial Intelligence",Workshop,Offline
U1474,"Python, Communication, React, Teamwork, Data Analytics","Ethical Hacking, Cyber Defense, Product Design","Hackathon, Bootcamp",Online
U1475,"UI/UX Design, 3D Design, Digital Marketing","3D Design, Leadership, Innovation, Marketing",Workshop,Online
U1476,"App Development, Web Development, JavaScript, TypeScript","Web Development, Frontend Development, Software Engineering","Hackathon, Workshop",Both
U1477,"Communication, UI/UX Design, Graphic Design, Technical Writing, Video Editing, Animation","Animation, Product Design, 3D Design, Microcontrollers",Bootcamp,Both
U1478,"Project Management, Business Strategy, Problem Solving, Innovation, SQL","NLP, Marketing, Data Analytics",Bootcamp,Both
U1479,"Software Development, JavaScript, Node.js","Frontend Development, Leadership, Backend Development, Marketing, Open Source","Workshop, Conference",Both
U1480,"Problem Solving, Computer Vision, Cybersecurity, Cryptography, Public Speaking","Digital Forensics, Artificial Intelligence, Generative AI","Competition, Bootcamp",Online
U1481,"Python, Cryptography, Problem Solving, Electronics, Circuit Design, ESP32","Digital Forensics, Cyber Defense, Network Security","Competition, Workshop",Both
U1482,"Data Analytics, SQL, Linux, Computer Vision, Cloud Computing, Machine Learning, Kubernetes","Artificial Intelligence, NLP, Cloud Architecture","Workshop, Tech Talk",Offline
U1483,"Internet of Things, Sensors, Arduino, Automation, Problem Solving","Smart Devices, Computer Vision, Automation","Competition, Workshop",Both
U1484,"Ethical Hacking, Cryptography, Python, Digital Forensics, Generative AI","Cyber Defense, Digital Forensics, Ethical Hacking",Workshop,Offline
U1485,"Public Speaking, Entrepreneurship, Project Management, Business Strategy","Leadership, Product Design, Innovation",Seminar,Offline
U1486,"Python, SQL, Web Development, Problem Solving, Data Science","Open Source, Web Development, Generative AI, App Development",Competition,Both
U1487,"Natural Language Processing, Generative AI, Arduino","NLP, Generative AI, Artificial Intelligence","Conference, Hackathon",Offline
U1488,"ESP32, Electronics, App Development, Digital Forensics","PCB Design, Backend Development, Digital Electronics",Conference,Online
U1489,"Python, Network Security, Problem Solving, Ethical Hacking, Cybersecurity","Ethical Hacking, Digital Forensics, Cybersecurity",Bootcamp,Online
U1490,"PCB Design, VLSI, Circuit Design, Arduino, ESP32, Data Analytics","Microcontrollers, VLSI, Embedded Systems",Workshop,Both
U1491,"Graphic Design, Content Creation, UI/UX Design, Linux, Problem Solving","Graphic Design, Animation, 3D Design",Project Exhibition,Offline
U1492,"Arduino, Automation, Embedded Systems","Smart Devices, Drones, Automation, DevOps",Project Exhibition,Both
U1493,"Computer Vision, Python, Communication, Business Strategy, Machine Learning","Public Speaking, Leadership, NLP","Career Fair, Hackathon",Offline
U1494,"Project Management, Innovation, Computer Vision, SQL","NLP, Machine Learning, Marketing, Artificial Intelligence",Bootcamp,Online
U1495,"Marketing, Problem Solving, Computer Vision, Leadership","Leadership, Product Management, NLP, Public Speaking",Workshop,Offline
U1496,"Drone Technology, Content Creation, Communication, HTML/CSS, TypeScript","Autonomous Systems, Product Design, App Development, Drones",Competition,Both
U1497,"HTML/CSS, Animation, Software Development, 3D Design, Content Creation","Open Source, Frontend Development, 3D Design, Animation, Robotics",Bootcamp,Offline
U1498,"3D Design, Business Strategy, Graphic Design, Content Creation","Animation, Product Management, Graphic Design, 3D Design",Seminar,Both
U1499,"CAD, Graphic Design, Communication, UI/UX Design, Circuit Design","Animation, 3D Design, Product Design",Bootcamp,Offline
U1500,"Web Development, SQL, API Development, Backend Development","Web Development, Software Engineering, DevOps",Hackathon,Both
U1501,"Robotics, Internet of Things, Communication, Graphic Design, Animation","Product Design, 3D Design, Smart Devices, Internet of Things","Project Exhibition, Competition",Both
U1502,"Automation, Arduino, Actuators","Robotics, Autonomous Systems, Smart Devices",Hackathon,Offline
U1503,"Automation, ESP32, Raspberry Pi, Embedded Systems, VLSI","Autonomous Systems, Smart Devices, Embedded Systems",Competition,Both
U1504,"Video Editing, 3D Design, Animation, Electronics, Arduino","Product Design, Graphic Design, Animation","Project Exhibition, Conference",Both
U1505,"PCB Design, Digital Electronics, Digital Forensics, Problem Solving, Python, Public Speaking","VLSI, Network Security, Ethical Hacking, Digital Forensics",Bootcamp,Both
U1506,"Python, Product Management, Machine Learning, Marketing","Leadership, Computer Vision, Artificial Intelligence","Workshop, Bootcamp",Online
U1507,"Video Editing, Graphic Design, Communication, Animation, Technical Writing","Product Design, Graphic Design, 3D Design, Animation",Project Exhibition,Both
U1508,"Kubernetes, DevOps, Docker, Problem Solving, Azure","Cyber Defense, DevOps, Digital Forensics","Competition, Seminar",Both
U1509,"Data Science, React, Leadership","Open Source, NLP, Generative AI, Backend Development, Machine Learning, Artificial Intelligence",Workshop,Online
U1510,"Backend Development, API Development, Web Development, Problem Solving, Linux, Cloud Computing","Software Engineering, Cloud Architecture, Open Source, Digital Forensics","Workshop, Hackathon",Offline
U1511,"JavaScript, HTML/CSS, Software Development, TypeScript, Node.js, DevOps","Backend Development, App Development, Web Development",Bootcamp,Offline
U1512,"Microcontrollers, VLSI, Communication, Embedded Systems","Graphic Design, Animation, Microcontrollers",Project Exhibition,Offline
U1513,"Python, Problem Solving, Data Analytics, Software Development, Deep Learning, Computer Vision","Data Analytics, Computer Vision, Machine Learning","Workshop, Tech Talk",Offline
U1514,"3D Design, UI/UX Design, TypeScript, Natural Language Processing, SQL","Graphic Design, App Development, Generative AI, Data Analytics","Competition, Workshop",Both
U1515,"Cloud Computing, Problem Solving, Software Development, Kubernetes, Robot Programming","DevOps, Cloud Computing, Cloud Architecture","Webinar, Tech Talk",Online
U1516,"UI/UX Design, 3D Design, Animation, Communication","Graphic Design, Product Design, 3D Design","Project Exhibition, Workshop",Both
U1517,"Microcontrollers, VLSI, Actuators, Drone Technology, Circuit Design, Arduino","Robotics, Internet of Things, VLSI",Seminar,Online
U1518,"Communication, Azure, DevOps, Kubernetes, ESP32","PCB Design, Cloud Computing, Microcontrollers, Embedded Systems",Bootcamp,Offline
U1519,"ESP32, Business Strategy, Project Management, Circuit Design, VLSI","Startups, Marketing, Graphic Design, Embedded Systems","Webinar, Workshop",Offline
U1520,"Internet of Things, Actuators, Robot Programming, Animation","UI/UX, Graphic Design, Smart Devices","Workshop, Bootcamp",Both
U1521,"Machine Learning, Python, Computer Vision, UI/UX Design, Video Editing","NLP, Data Analytics, Data Science","Workshop, Hackathon",Online
U1522,"Graphic Design, UI/UX Design, Video Editing, 3D Design","3D Design, Product Design, Animation",Conference,Offline
U1523,"UI/UX Design, Product Management, Automation, Digital Marketing, Raspberry Pi, Entrepreneurship","UI/UX, Graphic Design, Startups","Workshop, Seminar",Both
U1524,"3D Design, Video Editing, Content Creation, Robotics, CAD","Graphic Design, Animation, 3D Design, Microcontrollers, Embedded Systems",Project Exhibition,Offline
U1525,"Data Science, Leadership, Computer Vision","Computer Vision, Network Security, Artificial Intelligence",Conference,Both
U1526,"App Development, React, SQL, Leadership, Technical Writing","Innovation, Marketing, Frontend Development",Workshop,Both
U1527,"Cryptography, Linux, Network Security, SQL","Network Security, Cybersecurity, Digital Forensics, Product Design","Workshop, Conference",Both
U1528,"3D Design, Video Editing, UI/UX Design, Animation, Content Creation, Embedded Systems","Product Design, Graphic Design, UI/UX, Cyber Defense",Workshop,Offline
U1529,"PCB Design, Digital Electronics, Robotics","Electronics, PCB Design, Internet of Things","Hackathon, Webinar",Both
U1530,"Generative AI, Machine Learning, Natural Language Processing, App Development, Node.js, API Development","NLP, Artificial Intelligence, Computer Vision",Hackathon,Offline
U1531,"SQL, Problem Solving, ESP32, Data Analytics","PCB Design, Electronics, Microcontrollers, Data Analytics","Bootcamp, Workshop",Online
U1532,"Arduino, VLSI, Digital Electronics, Web Development, Node.js","Embedded Systems, VLSI, Digital Electronics, Microcontrollers","Workshop, Competition",Online
U1533,"Problem Solving, Software Development, AWS, Cloud Computing","DevOps, Cloud Computing, Software Engineering",Tech Talk,Both
U1534,"SQL, Problem Solving, Communication, Python, Data Analytics","Data Analytics, Artificial Intelligence, Generative AI, Ethical Hacking","Tech Talk, Webinar",Both
U1535,"Problem Solving, Deep Learning, JavaScript, Machine Learning, React","Frontend Development, App Development, Web Development","Workshop, Tech Talk",Offline
U1536,"Communication, Digital Marketing, Project Management, Python","Leadership, NLP, Machine Learning",Seminar,Online
U1537,"Circuit Design, Microcontrollers, Automation, Robotics, Sensors, ESP32","VLSI, Drones, Electronics, Autonomous Systems",Competition,Offline
U1538,"Automation, PCB Design, Internet of Things, Embedded Systems, Arduino","Smart Devices, PCB Design, Embedded Systems, Robotics",Hackathon,Both
U1539,"Machine Learning, Web Development, Robot Programming, Computer Vision, AWS","Automation, Drones, Open Source",Project Exhibition,Both
U1540,"Microcontrollers, PCB Design, Electronics, Python, Machine Learning","Microcontrollers, Electronics, VLSI, Embedded Systems","Seminar, Project Exhibition",Offline
U1541,"Azure, Software Development, Kubernetes, AWS, Project Management","Software Engineering, DevOps, Cloud Architecture",Conference,Both
U1542,"API Development, Communication, SQL, App Development, Node.js","Open Source, Software Engineering, Backend Development",Competition,Both
U1543,"Software Development, Docker, Azure, Problem Solving","Cloud Architecture, Cloud Computing, DevOps",Workshop,Online
U1544,"Animation, CAD, UI/UX Design, Video Editing","UI/UX, 3D Design, Graphic Design, Animation","Bootcamp, Hackathon",Online
U1545,"Ethical Hacking, Leadership, API Development, React, Backend Development","Software Engineering, Network Security, Backend Development, Cyber Defense",Bootcamp,Both
U1546,"Software Development, Kubernetes, Cloud Computing, Problem Solving","Cloud Architecture, Software Engineering, DevOps, Cloud Computing","Tech Talk, Webinar",Both
U1547,"Digital Forensics, Linux, Cybersecurity","Cybersecurity, Network Security, Ethical Hacking, Computer Vision",Competition,Offline
U1548,"Network Security, Python, Problem Solving, Business Strategy, Data Science","Network Security, Digital Forensics, Cybersecurity, Open Source","Competition, Workshop",Online
U1549,"Python, Problem Solving, Digital Forensics, Cryptography, Network Security","Cybersecurity, Network Security, Digital Forensics, Frontend Development","Workshop, Competition",Both
U1550,"AWS, Teamwork, Azure","Cloud Architecture, Software Engineering, Cloud Computing",Conference,Offline
U1551,"Linux, DevOps, Kubernetes","Cloud Computing, DevOps, Cloud Architecture",Webinar,Online
U1552,"Digital Electronics, Actuators, VLSI","Microcontrollers, Drones, VLSI, Electronics","Competition, Project Exhibition",Offline
U1553,"Animation, CAD, 3D Design","Product Design, Graphic Design, Animation",Project Exhibition,Offline
U1554,"Communication, Problem Solving, Azure, Animation, Data Analytics","Computer Vision, Graphic Design, Animation","Tech Talk, Conference",Online
U1555,"Animation, Technical Writing, Video Editing","Animation, Product Design, 3D Design, DevOps","Bootcamp, Workshop",Both
U1556,"Graphic Design, Content Creation, Animation, Project Management","Product Design, Graphic Design, Animation, Machine Learning","Bootcamp, Conference",Online
U1557,"VLSI, Digital Electronics, Electronics, Circuit Design, ESP32","VLSI, Electronics, Internet of Things, Microcontrollers",Hackathon,Offline
U1558,"Node.js, HTML/CSS, Software Development, Actuators, Internet of Things","Backend Development, Autonomous Systems, Drones","Workshop, Bootcamp",Offline
U1559,"Actuators, Automation, Sensors, Embedded Systems","Smart Devices, Robotics, Autonomous Systems, Microcontrollers, Digital Electronics",Hackathon,Both
U1560,"CAD, Graphic Design, UI/UX Design","Animation, 3D Design, Product Design, Drones","Conference, Bootcamp",Both
U1561,"Sensors, HTML/CSS, React, Leadership, Node.js","App Development, Drones, Software Engineering","Bootcamp, Competition",Offline
U1562,"HTML/CSS, Frontend Development, SQL, Backend Development","Open Source, App Development, Web Development, Computer Vision, Data Analytics",Bootcamp,Both
U1563,"DevOps, Azure, AWS, Kubernetes, Docker","Cloud Computing, Cloud Architecture, DevOps, Embedded Systems, Microcontrollers",Tech Talk,Both
U1564,"Python, Electronics, JavaScript, Software Development","Network Security, Digital Electronics, Backend Development, Internet of Things",Seminar,Offline
U1565,"Public Speaking, Actuators, Teamwork, Automation, Digital Electronics, Robotics, Product Management","Innovation, Automation, PCB Design, Public Speaking",Career Fair,Both
U1566,"Public Speaking, Communication, Marketing","Marketing, Public Speaking, Product Management, Generative AI",Workshop,Both
U1567,"Animation, HTML/CSS, 3D Design, Content Creation, Software Development","Frontend Development, 3D Design, Open Source","Bootcamp, Project Exhibition",Both
U1568,"Robotics, Raspberry Pi, UI/UX Design, Digital Forensics","Cyber Defense, Automation, Graphic Design, 3D Design, Network Security","Hackathon, Conference",Online
U1569,"Docker, Azure, AWS","Cloud Architecture, Cloud Computing, DevOps, Network Security","Conference, Workshop",Offline
U1570,"Natural Language Processing, Deep Learning, Computer Vision, Ethical Hacking","Network Security, Data Analytics, Computer Vision",Competition,Both
U1571,"Innovation, Python, Problem Solving, Product Management","Product Management, Data Analytics, Computer Vision, UI/UX",Tech Talk,Both
U1572,"Technical Writing, API Development, Software Development, 3D Design, Communication","3D Design, Open Source, Animation, Graphic Design","Project Exhibition, Workshop",Offline
U1573,"Embedded Systems, Public Speaking, React, ESP32","Web Development, Embedded Systems, Innovation, Internet of Things",Webinar,Both
U1574,"Docker, Communication, Problem Solving, UI/UX Design, 3D Design","UI/UX, Animation, DevOps, Graphic Design, Cloud Architecture",Webinar,Both
U1575,"Digital Forensics, Cybersecurity, Python","Digital Forensics, Cyber Defense, Cloud Computing",Seminar,Offline
U1576,"Cybersecurity, Cryptography, Network Security","Digital Forensics, Ethical Hacking, Cybersecurity, Network Security, Digital Electronics","Bootcamp, Competition",Offline
U1577,"Cybersecurity, Network Security, Cryptography, Ethical Hacking, API Development","Digital Forensics, Ethical Hacking, Cyber Defense",Workshop,Offline
U1578,"Cloud Computing, Docker, Linux, AWS, Software Development","DevOps, Software Engineering, Cloud Architecture, Cloud Computing",Conference,Online
U1579,"Azure, AWS, Kubernetes","DevOps, Software Engineering, Cloud Architecture, Cloud Computing","Webinar, Conference",Both
U1580,"UI/UX Design, Backend Development, JavaScript, SQL, Video Editing","App Development, Frontend Development, Graphic Design",Competition,Offline
U1581,"Electronics, Communication, PCB Design, Ethical Hacking, Microcontrollers","Digital Forensics, Microcontrollers, VLSI, PCB Design, Network Security","Bootcamp, Seminar",Offline
U1582,"Data Science, Web Development, SQL, App Development, Backend Development","Open Source, Web Development, App Development, Computer Vision, Product Design",Hackathon,Online
U1583,"UI/UX Design, CAD, Video Editing","Animation, UI/UX, 3D Design, PCB Design",Project Exhibition,Both
U1584,"Leadership, VLSI, Arduino, Electronics","Embedded Systems, Electronics, Internet of Things, Microcontrollers",Project Exhibition,Both
U1585,"Technical Writing, Drone Technology, Actuators, DevOps, Kubernetes","Cloud Architecture, DevOps, Cloud Computing, Robotics, Drones",Hackathon,Both
U1586,"UI/UX Design, Communication, HTML/CSS, CAD","Open Source, Graphic Design, 3D Design","Hackathon, Conference",Online
U1587,"Linux, API Development, Project Management, AWS, Web Development","Innovation, Public Speaking, Software Engineering","Workshop, Webinar",Offline
U1588,"Graphic Design, Animation, Communication, UI/UX Design, Electronics","UI/UX, Animation, 3D Design, Network Security","Project Exhibition, Seminar",Offline
U1589,"Backend Development, React, App Development, Problem Solving","Web Development, Open Source, Backend Development, Public Speaking, Product Management",Bootcamp,Offline
U1590,"Internet of Things, Embedded Systems, Content Creation, Animation","3D Design, UI/UX, Smart Devices, Automation","Bootcamp, Conference",Both
U1591,"Arduino, Robot Programming, Drone Technology","Drones, Internet of Things, Robotics, VLSI","Workshop, Competition",Offline
U1592,"Business Strategy, 3D Design, UI/UX Design, Project Management","NLP, Graphic Design, Data Analytics, Startups",Bootcamp,Offline
U1593,"Circuit Design, Natural Language Processing, Digital Electronics, PCB Design","Digital Electronics, Generative AI, App Development",Workshop,Both
U1594,"Automation, Embedded Systems, Arduino","Automation, Smart Devices, Drones",Project Exhibition,Offline
U1595,"Drone Technology, Actuators, Automation, Embedded Systems","Smart Devices, Robotics, Autonomous Systems, Internet of Things",Hackathon,Offline
U1596,"Actuators, Robotics, Internet of Things","Smart Devices, Robotics, Internet of Things","Competition, Project Exhibition",Offline
U1597,"Problem Solving, Digital Electronics, Cybersecurity, Digital Forensics, Python, Data Analytics","Cybersecurity, PCB Design, Cyber Defense, Digital Forensics","Workshop, Hackathon",Both
U1598,"Ethical Hacking, Cybersecurity, Network Security","Ethical Hacking, Web Development, Network Security",Hackathon,Offline
U1599,"Problem Solving, Python, Generative AI, Natural Language Processing, Computer Vision","Software Engineering, Data Analytics, NLP","Conference, Hackathon",Online
U1600,"Node.js, VLSI, Web Development, JavaScript","Frontend Development, Backend Development, Marketing",Project Exhibition,Both
U1601,"VLSI, PCB Design, Cybersecurity","Electronics, Network Security, Ethical Hacking, Microcontrollers",Bootcamp,Both
U1602,"Digital Forensics, Embedded Systems, Linux, Cryptography, Automation, Actuators, Arduino","Cybersecurity, Internet of Things, Digital Forensics, Software Engineering","Workshop, Competition",Both
U1603,"Marketing, Problem Solving, Azure, Digital Marketing","Entrepreneurship, Cloud Architecture, Startups, Cloud Computing",Bootcamp,Both
U1604,"Network Security, Cryptography, Cybersecurity, Ethical Hacking, Digital Forensics","Cybersecurity, Cyber Defense, Network Security, Digital Forensics",Conference,Offline
U1605,"Problem Solving, Teamwork, Business Strategy, Digital Marketing","Product Management, Entrepreneurship, Startups",Seminar,Both
U1606,"Digital Electronics, ESP32, VLSI","Embedded Systems, Internet of Things, Digital Electronics, Data Science, Data Analytics","Seminar, Workshop",Offline
U1607,"Arduino, Microcontrollers, Natural Language Processing, Data Science","Machine Learning, Generative AI, VLSI",Competition,Both
U1608,"Robotics, Problem Solving, DevOps, Software Development","Software Engineering, Robotics, Cloud Architecture, Internet of Things","Competition, Workshop",Offline
U1609,"Business Strategy, Entrepreneurship, Teamwork, Digital Marketing, Problem Solving","Startups, Product Management, Entrepreneurship, Public Speaking, Marketing",Conference,Both
U1610,"Internet of Things, Robotics, Technical Writing, Drone Technology","Microcontrollers, Internet of Things, Autonomous Systems, Robotics","Seminar, Workshop",Both
U1611,"Graphic Design, Communication, UI/UX Design, Technical Writing, Video Editing, Animation","Animation, Product Design, 3D Design, Internet of Things",Bootcamp,Both
U1612,"Raspberry Pi, UI/UX Design, Robotics, Digital Forensics","Network Security, Graphic Design, Automation, 3D Design, Cyber Defense",Hackathon,Online
U1613,"Marketing, Entrepreneurship, Project Management, Business Strategy","Innovation, Startups, Entrepreneurship, Cloud Architecture",Seminar,Offline
U1614,"Problem Solving, Data Analytics, Data Science, Azure, SQL","Generative AI, Software Engineering, Data Analytics, Backend Development","Workshop, Webinar",Both
U1615,"DevOps, Network Security, Ethical Hacking, Cybersecurity, Cloud Computing","Cybersecurity, Cloud Computing, Digital Forensics",Conference,Offline
U1616,"Computer Vision, Public Speaking, Leadership, Marketing","Leadership, Computer Vision, Entrepreneurship, Data Analytics","Hackathon, Webinar",Both
U1617,"Arduino, Embedded Systems, Microcontrollers, Circuit Design, Electronics","Autonomous Systems, Drones, Internet of Things",Workshop,Both
U1618,"Cybersecurity, PCB Design, ESP32, VLSI, Microcontrollers, Digital Electronics","Network Security, Embedded Systems, Ethical Hacking, Electronics","Bootcamp, Tech Talk",Online
U1619,"Raspberry Pi, Drone Technology, Sensors, Robotics","Internet of Things, Drones, Automation","Competition, Project Exhibition",Offline
U1620,"Generative AI, Machine Learning, Natural Language Processing, Python","Computer Vision, NLP, Artificial Intelligence","Hackathon, Conference",Offline
U1621,"Cryptography, Ethical Hacking, Linux, Cybersecurity","Cybersecurity, Network Security, Digital Forensics, Computer Vision",Conference,Offline
U1622,"Data Analytics, Communication, Product Management, Data Science","Machine Learning, Leadership, NLP, Product Management",Conference,Both
U1623,"HTML/CSS, Kubernetes, TypeScript, DevOps, App Development","Open Source, DevOps, Backend Development, Software Engineering",Webinar,Offline
U1624,"Digital Marketing, Marketing, Innovation, Communication, Project Management","Entrepreneurship, Product Management, Public Speaking, Machine Learning","Webinar, Workshop",Offline
U1625,"HTML/CSS, Frontend Development, Web Development, UI/UX Design, React","Graphic Design, Backend Development, 3D Design",Bootcamp,Offline
U1626,"CAD, Content Creation, Animation, VLSI, Communication","Embedded Systems, UI/UX, Digital Electronics, Graphic Design",Project Exhibition,Both
U1627,"Innovation, Teamwork, Business Strategy, Entrepreneurship, Public Speaking","Marketing, Leadership, Product Management",Workshop,Both
U1628,"Communication, Animation, UI/UX Design, CAD, Graphic Design","Animation, 3D Design, Graphic Design, UI/UX, Frontend Development",Project Exhibition,Offline
U1629,"Leadership, Problem Solving, Embedded Systems","Embedded Systems, Cyber Defense, Electronics, PCB Design",Workshop,Offline
U1630,"Problem Solving, Cybersecurity, Digital Electronics, Network Security, Cryptography","Digital Electronics, Network Security, Ethical Hacking, Cyber Defense",Project Exhibition,Both
U1631,"Machine Learning, Web Development, Robot Programming, Computer Vision, Arduino, Actuators","Automation, Machine Learning, Backend Development, Drones","Project Exhibition, Tech Talk",Offline
U1632,"Drone Technology, Circuit Design, Robotics, PCB Design, Digital Electronics","Electronics, PCB Design, Internet of Things","Hackathon, Webinar",Online
U1633,"Computer Vision, Deep Learning, Generative AI, Problem Solving, Data Science","Data Analytics, Computer Vision, Generative AI",Bootcamp,Both
U1634,"Software Development, Kubernetes, AWS, Docker","Cloud Computing, Software Engineering, DevOps",Tech Talk,Offline
U1635,"Actuators, Embedded Systems, Raspberry Pi, Graphic Design","Product Design, Robotics, Automation, Drones",Project Exhibition,Both
U1636,"React, HTML/CSS, Node.js, Web Development","Frontend Development, Web Development, Backend Development, Computer Vision",Project Exhibition,Both
U1637,"Digital Marketing, Marketing, Communication, Entrepreneurship","Public Speaking, Product Management, Leadership, Network Security",Seminar,Offline
U1638,"Circuit Design, Digital Electronics, PCB Design, Robotics, Drone Technology","Electronics, Smart Devices, Internet of Things, PCB Design","Hackathon, Workshop",Both
U1639,"Project Management, Communication, Problem Solving","Data Science, Startups, Data Analytics, Generative AI",Bootcamp,Offline
U1640,"SQL, Web Development, API Development, JavaScript, Software Development","Software Engineering, Web Development, App Development, Frontend Development","Project Exhibition, Bootcamp",Online
U1641,"Linux, Problem Solving, Digital Forensics, API Development, React","Ethical Hacking, Network Security, Cybersecurity","Bootcamp, Competition",Both
U1642,"JavaScript, Backend Development, React, Automation","App Development, Web Development, Open Source, Backend Development",Project Exhibition,Both
U1643,"Docker, Kubernetes, Linux","Cloud Architecture, Cloud Computing, Software Engineering, DevOps",Tech Talk,Offline
U1644,"Linux, Ethical Hacking, Problem Solving, Digital Forensics","Cyber Defense, Ethical Hacking, Digital Forensics, NLP","Bootcamp, Webinar",Both
U1645,"Docker, Azure, AWS, Problem Solving","Cloud Architecture, Software Engineering, DevOps","Bootcamp, Conference",Offline
U1646,"Teamwork, Kubernetes, Ethical Hacking, Problem Solving, Digital Forensics, Data Analytics","Cloud Architecture, Digital Forensics, Ethical Hacking","Seminar, Conference",Online
U1647,"Generative AI, SQL, Internet of Things, Microcontrollers, Embedded Systems","Data Analytics, VLSI, Autonomous Systems, Robotics, Generative AI",Competition,Both
U1648,"Arduino, Internet of Things, ESP32, Microcontrollers, Embedded Systems","Digital Electronics, Autonomous Systems, Robotics, VLSI","Competition, Hackathon",Both
U1649,"Animation, Marketing, UI/UX Design, Graphic Design, Video Editing","Graphic Design, 3D Design, Marketing",Project Exhibition,Offline
U1650,"Web Development, Node.js, JavaScript, Software Development, Leadership","Marketing, Frontend Development, Leadership",Workshop,Both
U1651,"Raspberry Pi, Automation, Actuators, Arduino","Internet of Things, Autonomous Systems, Smart Devices, Drones","Project Exhibition, Career Fair",Both
U1652,"Web Development, App Development, SQL, API Development, Node.js","Software Engineering, Web Development, Frontend Development, Backend Development","Bootcamp, Project Exhibition",Both
U1653,"Azure, Docker, AWS, DevOps, Microcontrollers, Embedded Systems","Software Engineering, Cloud Architecture, DevOps",Tech Talk,Both
U1654,"Sensors, PCB Design, Raspberry Pi, Actuators, ESP32","VLSI, PCB Design, Automation",Hackathon,Both
U1655,"Graphic Design, Video Editing, UI/UX Design, Animation, Backend Development","Graphic Design, Product Design, 3D Design, Autonomous Systems",Bootcamp,Online
U1656,"VLSI, Digital Forensics, Embedded Systems, Circuit Design, Digital Electronics, Ethical Hacking","Ethical Hacking, Digital Electronics, PCB Design, Microcontrollers",Competition,Offline
U1657,"Linux, Docker, Embedded Systems, Cryptography, Digital Forensics, Problem Solving","Internet of Things, DevOps, Digital Forensics, Cybersecurity",Competition,Offline
U1658,"Communication, CAD, Cloud Computing, Graphic Design, Microcontrollers","DevOps, Embedded Systems, Cloud Architecture, Product Design",Workshop,Both
U1659,"Problem Solving, Leadership, Computer Vision, Business Strategy, Marketing","Leadership, Product Management, Generative AI, Public Speaking",Workshop,Online
U1660,"Problem Solving, Machine Learning, Docker, Python","Data Science, Computer Vision, Artificial Intelligence, Cloud Computing","Bootcamp, Tech Talk",Online
U1661,"Arduino, Robotics, Internet of Things, Circuit Design, Electronics, Docker","Automation, Robotics, Electronics","Workshop, Competition",Both
U1662,"ESP32, VLSI, PCB Design, Circuit Design, Arduino","Embedded Systems, Microcontrollers, VLSI, Autonomous Systems","Workshop, Webinar",Both
U1663,"Microcontrollers, SQL, Electronics, Circuit Design, Embedded Systems, Computer Vision","VLSI, Microcontrollers, Robotics",Conference,Offline
U1664,"Ethical Hacking, Network Security, Internet of Things, Cybersecurity, Robot Programming","Digital Forensics, Autonomous Systems, Robotics, Cybersecurity",Project Exhibition,Both
U1665,"Docker, Problem Solving, Linux, Software Development, Digital Forensics","Open Source, Cyber Defense, Ethical Hacking, Software Engineering",Bootcamp,Offline
U1666,"Problem Solving, Digital Forensics, Kubernetes, Ethical Hacking, Teamwork","Software Engineering, Digital Forensics, Cloud Architecture, Ethical Hacking",Seminar,Online
U1667,"Public Speaking, Business Strategy, Leadership, Python, Computer Vision","Startups, Entrepreneurship, Product Management, Marketing",Conference,Online
U1668,"Problem Solving, Cloud Computing, Software Development, Linux, Animation","Cloud Architecture, Digital Forensics, Software Engineering, Cybersecurity",Workshop,Online
U1669,"Electronics, Problem Solving, Embedded Systems, Computer Vision, Arduino","Microcontrollers, Network Security, Internet of Things",Competition,Online
U1670,"Ethical Hacking, Network Security, Animation","Digital Forensics, Cloud Computing, 3D Design, Product Design, Ethical Hacking","Conference, Webinar",Offline
U1671,"Leadership, Project Management, Public Speaking, Teamwork","Leadership, Marketing, Entrepreneurship","Career Fair, Tech Talk",Both
U1672,"Data Analytics, Automation, SQL, Arduino, Machine Learning","Robotics, Artificial Intelligence, Data Science",Conference,Both
U1673,"Digital Forensics, Cybersecurity, Cryptography, SQL, Web Development","Cybersecurity, Network Security, Cyber Defense, Digital Forensics, Ethical Hacking",Seminar,Both
U1674,"Microcontrollers, Arduino, Electronics, Circuit Design","Backend Development, App Development, Electronics, Internet of Things",Bootcamp,Online
U1675,"Electronics, Circuit Design, ESP32, PCB Design, Microcontrollers","Internet of Things, Electronics, PCB Design, VLSI",Workshop,Online
U1676,"Problem Solving, Docker, Computer Vision, Python","NLP, Network Security, Digital Forensics","Competition, Conference",Offline
U1677,"Video Editing, Robot Programming, Actuators, Embedded Systems","Robotics, Smart Devices, Graphic Design","Workshop, Competition",Both
U1678,"Business Strategy, PCB Design, Project Management, Generative AI, Data Analytics","Startups, Embedded Systems, Generative AI, Microcontrollers",Conference,Offline
U1679,"Electronics, Raspberry Pi, Digital Electronics, PCB Design","Microcontrollers, PCB Design, Automation, Internet of Things",Competition,Both
U1680,"Public Speaking, Project Management, Entrepreneurship, Docker, Linux","Public Speaking, Entrepreneurship, Startups, Data Analytics, Generative AI, Computer Vision",Webinar,Online
U1681,"Drone Technology, Content Creation, Arduino, Embedded Systems","Robotics, Automation, VLSI",Conference,Offline
U1682,"AWS, Kubernetes, App Development, Cloud Computing","Software Engineering, DevOps, Cloud Architecture","Conference, Webinar",Online
U1683,"Video Editing, Azure, UI/UX Design, Software Development, Kubernetes","Cloud Computing, DevOps, Cloud Architecture",Conference,Both
U1684,"Automation, ESP32, Raspberry Pi, VLSI, Embedded Systems","Autonomous Systems, Embedded Systems, Smart Devices, Electronics, Microcontrollers",Competition,Both
U1685,"Deep Learning, Cryptography, AWS, Cybersecurity, Ethical Hacking","Cloud Architecture, Generative AI, Digital Forensics",Seminar,Offline
U1686,"Software Development, Data Science, Problem Solving, Azure, Embedded Systems","Microcontrollers, DevOps, Computer Vision",Tech Talk,Online
U1687,"React, Backend Development, UI/UX Design, SQL","Graphic Design, Frontend Development, Software Engineering",Competition,Both
U1688,"Arduino, Embedded Systems, Automation, Actuators","Electronics, Internet of Things, Embedded Systems, Autonomous Systems",Project Exhibition,Offline
U1689,"Digital Electronics, Animation, 3D Design, Robotics, CAD","Microcontrollers, 3D Design, Autonomous Systems, VLSI","Project Exhibition, Conference",Online
U1690,"Software Development, Communication, SQL","Open Source, Software Engineering, Backend Development, Cloud Architecture",Competition,Online
U1691,"Network Security, Animation, Cryptography, Digital Forensics, Problem Solving","Graphic Design, Product Design, Animation, Network Security, 3D Design","Competition, Bootcamp",Both
U1692,"3D Design, Web Development, React, Frontend Development, Software Development","Software Engineering, Web Development, Backend Development, Graphic Design, Product Design, Animation","Project Exhibition, Conference",Both
U1693,"Embedded Systems, Internet of Things, UI/UX Design, Arduino, Sensors","Drones, Internet of Things, Autonomous Systems",Project Exhibition,Offline
U1694,"Data Science, Node.js, Frontend Development, Marketing","Backend Development, Cloud Computing, Frontend Development, DevOps",Project Exhibition,Online
U1695,"JavaScript, HTML/CSS, TypeScript","Frontend Development, Backend Development, Software Engineering",Bootcamp,Both
U1696,"Problem Solving, Robot Programming, Cryptography","Smart Devices, Cybersecurity, UI/UX",Conference,Both
U1697,"Leadership, Backend Development, SQL, HTML/CSS","Open Source, Frontend Development, App Development","Bootcamp, Seminar",Online
U1698,"Video Editing, Communication, Animation, CAD, Content Creation","Animation, UI/UX, Graphic Design",Workshop,Online
U1699,"SQL, Data Science, Computer Vision","Artificial Intelligence, Machine Learning, Generative AI",Workshop,Both
U1700,"Leadership, Problem Solving, Cybersecurity, Python","Cybersecurity, Ethical Hacking, Cyber Defense, NLP",Bootcamp,Offline
U1701,"Embedded Systems, Circuit Design, VLSI","Microcontrollers, Digital Electronics, VLSI","Seminar, Workshop",Both
U1702,"Digital Marketing, API Development, Communication, Backend Development, Problem Solving","Open Source, App Development, Entrepreneurship, Web Development",Workshop,Online
U1703,"Linux, Problem Solving, Digital Forensics, Python","Cyber Defense, Cybersecurity, Ethical Hacking, Network Security",Conference,Online
U1704,"Linux, Azure, ESP32","Internet of Things, DevOps, PCB Design, Cloud Architecture","Competition, Project Exhibition",Online
U1705,"ESP32, Circuit Design, VLSI, Embedded Systems, Robot Programming, Drone Technology","Digital Electronics, PCB Design, Microcontrollers, Electronics","Project Exhibition, Seminar",Both
U1706,"Frontend Development, React, Node.js, Software Development","Software Engineering, Web Development, Backend Development",Hackathon,Both
U1707,"Leadership, Teamwork, Automation, Computer Vision, Embedded Systems","Internet of Things, Innovation, Marketing","Workshop, Tech Talk",Both
U1708,"Data Analytics, Problem Solving, Digital Electronics, Electronics","Microcontrollers, Embedded Systems, Data Science, Internet of Things","Bootcamp, Seminar",Offline
U1709,"Sensors, Automation, PCB Design, Internet of Things, Arduino","Robotics, Internet of Things, Smart Devices",Workshop,Both
U1710,"Leadership, VLSI, Embedded Systems, Arduino","VLSI, Digital Electronics, Internet of Things",Hackathon,Both
U1711,"CAD, Video Editing, Web Development, HTML/CSS, UI/UX Design, Teamwork","Graphic Design, 3D Design, Animation, Open Source, UI/UX",Hackathon,Both
U1712,"Communication, Robot Programming, Raspberry Pi, Robotics","UI/UX, 3D Design, Drones","Conference, Project Exhibition",Both
U1713,"Communication, Microcontrollers, ESP32, Internet of Things, Embedded Systems","Robotics, Autonomous Systems, Digital Electronics","Hackathon, Competition",Both
U1714,"Web Development, React, Node.js, Frontend Development, Software Development","Backend Development, Web Development, Software Engineering","Hackathon, Seminar",Both
U1715,"UI/UX Design, CAD, Content Creation","3D Design, Graphic Design, Animation, Product Design, Data Analytics","Conference, Career Fair",Online
U1716,"Communication, Innovation, Teamwork, Public Speaking, Problem Solving","Leadership, Marketing, Startups, Innovation",Webinar,Both
U1717,"Digital Marketing, Product Management, Internet of Things, TypeScript","Internet of Things, Frontend Development, Leadership, Robotics",Competition,Both
U1718,"Python, Communication, Computer Vision, Problem Solving, Frontend Development","Machine Learning, Generative AI, NLP, Computer Vision",Workshop,Both
U1719,"Circuit Design, Electronics, VLSI, Leadership","Digital Electronics, Internet of Things, Electronics",Project Exhibition,Offline
U1720,"Problem Solving, Azure, Docker, AWS, Animation","Cloud Computing, Software Engineering, Cloud Architecture, DevOps",Bootcamp,Online
U1721,"API Development, Video Editing, Problem Solving, Communication","Frontend Development, Backend Development, Open Source, Animation","Conference, Project Exhibition",Both
U1722,"Project Management, React, Embedded Systems","Internet of Things, Innovation, Embedded Systems, App Development",Webinar,Offline
U1723,"Teamwork, Leadership, Product Management","Marketing, Entrepreneurship, Innovation, DevOps",Workshop,Both
U1724,"CAD, Communication, Azure, Cloud Computing, Kubernetes","Animation, Cloud Computing, Software Engineering",Webinar,Both
U1725,"Ethical Hacking, Cryptography, Network Security","Ethical Hacking, Network Security, Cybersecurity",Seminar,Online
U1726,"Problem Solving, Natural Language Processing, Data Science","Data Analytics, Machine Learning, Artificial Intelligence, Data Science",Tech Talk,Both
U1727,"AWS, Kubernetes, DevOps, Linux, Internet of Things, Communication","DevOps, Cloud Computing, Cloud Architecture","Webinar, Conference",Both
U1728,"Software Development, Project Management, Python, Data Analytics, Data Science","NLP, Cloud Computing, Generative AI, Machine Learning","Hackathon, Bootcamp",Offline
U1729,"Communication, Graphic Design, HTML/CSS, API Development, Project Management","3D Design, Open Source, Web Development",Hackathon,Online
U1730,"CAD, 3D Design, Technical Writing, Video Editing","3D Design, Graphic Design, Animation","Conference, Workshop",Both
U1731,"Actuators, Automation, Embedded Systems, Internet of Things, Teamwork, Arduino","Drones, Autonomous Systems, Automation, Internet of Things","Workshop, Project Exhibition",Online
U1732,"SQL, Content Creation, Video Editing","Product Design, Web Development, Graphic Design",Project Exhibition,Both
U1733,"Data Science, Python, Natural Language Processing, Deep Learning, Problem Solving","Machine Learning, Generative AI, Computer Vision, Ethical Hacking, Cyber Defense",Workshop,Both
U1734,"Problem Solving, Ethical Hacking, Linux, Cybersecurity, Cloud Computing, DevOps","Network Security, Cyber Defense, Ethical Hacking",Workshop,Both
U1735,"Problem Solving, Cybersecurity, Cryptography, Software Development, Azure, Docker","Ethical Hacking, Digital Forensics, Network Security, Product Management","Competition, Bootcamp",Online
U1736,"Video Editing, Communication, PCB Design, Embedded Systems","3D Design, PCB Design, Leadership","Hackathon, Project Exhibition",Both
U1737,"Natural Language Processing, Raspberry Pi, Python, Deep Learning, AWS","Internet of Things, Cloud Architecture, DevOps, Software Engineering, Computer Vision","Project Exhibition, Tech Talk",Offline
U1738,"Project Management, Marketing, Business Strategy, Entrepreneurship, Kubernetes","Innovation, Startups, Entrepreneurship, Product Design",Seminar,Both
U1739,"Communication, Marketing, Leadership, Product Management","Product Management, Entrepreneurship, Startups, Microcontrollers",Career Fair,Online
U1740,"Python, Teamwork, Machine Learning, Natural Language Processing","Data Analytics, Data Science, Machine Learning, NLP",Workshop,Online
U1741,"Digital Forensics, Cybersecurity, Cryptography, Communication, Marketing","Network Security, Cyber Defense, Digital Forensics",Workshop,Online
U1742,"Drone Technology, Communication, Raspberry Pi, AWS, Sensors","Internet of Things, Automation, Drones","Hackathon, Competition",Offline
U1743,"Machine Learning, Deep Learning, Data Analytics, Software Development, SQL, Node.js","Data Science, Web Development, Frontend Development",Bootcamp,Online
U1744,"Embedded Systems, Drone Technology, Innovation, React, Business Strategy","Web Development, Frontend Development, Robotics, Open Source",Conference,Offline
U1745,"Digital Forensics, Cryptography, Ethical Hacking","Network Security, Digital Forensics, Ethical Hacking",Conference,Both
U1746,"Automation, Sensors, Drone Technology, Communication, Embedded Systems, Actuators","Robotics, Autonomous Systems, Smart Devices","Hackathon, Project Exhibition",Online
U1747,"Automation, Robot Programming, Drone Technology, Embedded Systems, VLSI","PCB Design, Embedded Systems, Smart Devices","Competition, Seminar",Offline
U1748,"Leadership, Innovation, Business Strategy, Communication, SQL","Innovation, Startups, Leadership, Marketing","Webinar, Competition",Offline
U1749,"Digital Electronics, VLSI, ESP32, Circuit Design","VLSI, Microcontrollers, Internet of Things, Electronics",Hackathon,Online
U1750,"Network Security, Teamwork, Digital Forensics","Cybersecurity, Digital Forensics, Network Security","Competition, Workshop",Offline
U1751,"Linux, Cybersecurity, Digital Forensics, Natural Language Processing","Computer Vision, Data Analytics, Ethical Hacking, Cybersecurity","Conference, Tech Talk",Both
U1752,"ESP32, PCB Design, Digital Electronics, Backend Development, TypeScript, Web Development","Digital Electronics, Electronics, PCB Design","Competition, Bootcamp",Online
U1753,"React, Python, SQL, HTML/CSS","Open Source, Frontend Development, Generative AI",Conference,Offline
U1754,"SQL, Frontend Development, Web Development, Backend Development, API Development","Frontend Development, Web Development, App Development, Open Source",Workshop,Both
U1755,"Embedded Systems, Internet of Things, Arduino","Automation, Drones, Smart Devices",Project Exhibition,Online
U1756,"Problem Solving, Cybersecurity, Cryptography, Innovation, Teamwork","Network Security, Digital Forensics, Ethical Hacking","Competition, Seminar",Offline
U1757,"Animation, 3D Design, CAD, Electronics, Microcontrollers, VLSI","Animation, UI/UX, 3D Design, Digital Forensics",Conference,Both
U1758,"Digital Marketing, Marketing, Communication, Project Management, Innovation","Public Speaking, Entrepreneurship, Product Management",Webinar,Offline
U1759,"Azure, Software Development, Kubernetes, AWS, Generative AI","Cloud Architecture, Cloud Computing, Software Engineering, DevOps",Conference,Both
U1760,"Linux, Machine Learning, Python, Data Analytics, Network Security","Cyber Defense, Data Science, Computer Vision, Automation, PCB Design","Conference, Seminar",Online
U1761,"Electronics, Microcontrollers, ESP32, Embedded Systems, Circuit Design","Microcontrollers, Embedded Systems, Digital Electronics, Digital Forensics",Competition,Offline
U1762,"Marketing, Business Strategy, Project Management, UI/UX Design, Sensors","Innovation, Drones, UI/UX, Entrepreneurship",Seminar,Offline
U1763,"Embedded Systems, Animation, Sensors, Raspberry Pi","3D Design, Robotics, Internet of Things, Drones",Competition,Online
U1764,"Digital Marketing, Public Speaking, Communication, Data Analytics","NLP, Leadership, Marketing",Seminar,Offline
U1765,"Leadership, Natural Language Processing, Project Management, DevOps","Cloud Architecture, Marketing, Data Science",Workshop,Both
U1766,"Leadership, Cryptography, Problem Solving, Project Management, Cybersecurity, Business Strategy","NLP, Cyber Defense, Leadership, Ethical Hacking, Public Speaking",Seminar,Both
U1767,"Digital Marketing, Entrepreneurship, Public Speaking, Marketing, Leadership","Marketing, Entrepreneurship, Innovation",Webinar,Both
U1768,"Data Analytics, Generative AI, 3D Design, SQL, Project Management, Business Strategy","Graphic Design, Data Analytics, Data Science",Webinar,Offline
U1769,"Content Creation, Animation, CAD, HTML/CSS, Drone Technology","3D Design, Animation, Graphic Design","Project Exhibition, Competition",Offline
U1770,"SQL, Internet of Things, Docker, Embedded Systems, ESP32","Robotics, DevOps, VLSI",Hackathon,Offline
U1771,"Software Development, TypeScript, Frontend Development","Open Source, Backend Development, Frontend Development","Project Exhibition, Hackathon",Both
U1772,"Cloud Computing, AWS, Linux, Software Development","Software Engineering, Cloud Architecture, Cloud Computing, DevOps","Tech Talk, Competition",Both
U1773,"Backend Development, Node.js, HTML/CSS, Software Development, Frontend Development","Backend Development, Software Engineering, App Development",Project Exhibition,Both
U1774,"ESP32, Embedded Systems, Circuit Design, PCB Design, Public Speaking","PCB Design, VLSI, Internet of Things",Hackathon,Offline
U1775,"Digital Marketing, Product Management, Marketing, Entrepreneurship, Communication","Leadership, Public Speaking, Product Management",Workshop,Both
U1776,"Internet of Things, Web Development, Node.js, Sensors","Marketing, Backend Development, Internet of Things, Leadership","Competition, Workshop",Both
U1777,"Computer Vision, Python, Machine Learning, Data Science","Computer Vision, Generative AI, Data Analytics",Workshop,Both
U1778,"Data Science, Data Analytics, Embedded Systems, Problem Solving, Software Development","Cloud Computing, Microcontrollers, Artificial Intelligence, DevOps, Computer Vision","Tech Talk, Conference",Online
U1779,"Animation, UI/UX Design, CAD, Video Editing, Communication","UI/UX, 3D Design, Graphic Design, Marketing",Bootcamp,Offline
U1780,"Python, AWS, React, Teamwork","Product Design, App Development, Ethical Hacking, Cyber Defense","Tech Talk, Hackathon",Both
U1781,"Arduino, Sensors, Leadership, Embedded Systems","Autonomous Systems, Internet of Things, Automation, Smart Devices, Drones",Competition,Offline
U1782,"Software Development, Azure, Docker, Problem Solving, Internet of Things, Digital Marketing","Cloud Computing, DevOps, Cloud Architecture, Network Security",Workshop,Both
U1783,"Arduino, Communication, Internet of Things, ESP32","Digital Electronics, VLSI, Robotics, Autonomous Systems",Hackathon,Offline
U1784,"Digital Forensics, Cryptography, Linux","Cyber Defense, Cybersecurity, Network Security","Competition, Conference",Both
U1785,"Embedded Systems, Robotics, Technical Writing, Actuators, Raspberry Pi","Automation, Drones, Smart Devices","Competition, Project Exhibition",Online
U1786,"Automation, Raspberry Pi, Robotics, Internet of Things, Network Security","Smart Devices, Autonomous Systems, Robotics","Hackathon, Seminar",Online
U1787,"Data Science, SQL, Generative AI, Content Creation","Data Science, Generative AI, UI/UX, Data Analytics","Project Exhibition, Conference",Online
U1788,"Generative AI, Machine Learning, Data Analytics, DevOps, Cloud Computing","NLP, Data Analytics, Generative AI",Bootcamp,Both
U1789,"Node.js, React, Marketing, Frontend Development, SQL, Content Creation","Backend Development, Web Development, Frontend Development, Public Speaking","Project Exhibition, Competition",Both
U1790,"Leadership, Project Management, Computer Vision, Marketing","Public Speaking, NLP, Leadership, Product Management",Workshop,Both
U1791,"API Development, Technical Writing, Backend Development, Node.js, TypeScript","App Development, Open Source, Web Development",Workshop,Offline
U1792,"Graphic Design, Content Creation, Project Management","Product Design, Graphic Design, Animation, Entrepreneurship, Web Development",Bootcamp,Both
U1793,"AWS, Cybersecurity, Kubernetes, Linux","Network Security, DevOps, Digital Forensics, Cloud Computing",Tech Talk,Offline
U1794,"Digital Marketing, Leadership, Technical Writing","Frontend Development, App Development, Startups",Hackathon,Online
U1795,"Content Creation, Frontend Development, Teamwork, Graphic Design, CAD, Node.js","Frontend Development, UI/UX, Backend Development",Bootcamp,Online
U1796,"Ethical Hacking, Python, Cybersecurity, Network Security","Cyber Defense, Network Security, Ethical Hacking, Cybersecurity",Workshop,Online
U1797,"Ethical Hacking, Python, Digital Forensics, Cybersecurity, Circuit Design","Network Security, Microcontrollers, Embedded Systems, Cybersecurity, Internet of Things","Workshop, Seminar",Both
U1798,"Graphic Design, UI/UX Design, 3D Design, SQL, Natural Language Processing, Deep Learning","Animation, UI/UX, 3D Design",Conference,Offline
U1799,"Embedded Systems, Generative AI, Arduino, Sensors, Drone Technology","Drones, Smart Devices, NLP, Internet of Things, Automation",Bootcamp,Online
U1800,"VLSI, Circuit Design, Digital Electronics, Embedded Systems, React","Internet of Things, PCB Design, Digital Electronics",Project Exhibition,Both
U1801,"Public Speaking, Leadership, Digital Marketing, Marketing","Entrepreneurship, Marketing, Product Management, Innovation, Cyber Defense","Webinar, Project Exhibition",Offline
U1802,"Machine Learning, Web Development, Robot Programming, Computer Vision, Project Management, Teamwork","Machine Learning, Open Source, Drones","Project Exhibition, Bootcamp",Offline
U1803,"Business Strategy, Automation, SQL, Robotics, Innovation, Backend Development","Leadership, Internet of Things, Startups","Conference, Hackathon",Both
U1804,"3D Design, Content Creation, Communication, Graphic Design","3D Design, Product Design, UI/UX, Marketing",Bootcamp,Offline
U1805,"Animation, Linux, Embedded Systems, Natural Language Processing","Machine Learning, Data Analytics, 3D Design, Smart Devices",Webinar,Both
U1806,"Product Management, Leadership, Digital Marketing, Communication","Product Management, Entrepreneurship, Startups, Backend Development",Career Fair,Both
U1807,"Raspberry Pi, Robot Programming, Robotics, Communication","Drones, 3D Design, UI/UX","Conference, Project Exhibition",Online
U1808,"Automation, Drone Technology, Arduino","Drones, Internet of Things, Robotics, Microcontrollers","Workshop, Competition",Offline
U1809,"Business Strategy, Teamwork, Entrepreneurship, Innovation, Public Speaking","Product Management, Marketing, Leadership",Workshop,Both
U1810,"Sensors, Robot Programming, Linux, Problem Solving, Machine Learning","Automation, Generative AI, Data Science, Cybersecurity",Bootcamp,Both
U1811,"DevOps, Marketing, Digital Marketing, Problem Solving, Innovation, Project Management","DevOps, Cloud Architecture, Public Speaking",Seminar,Online
U1812,"Software Development, TypeScript, React, Entrepreneurship, Backend Development","App Development, Innovation, Software Engineering, DevOps","Project Exhibition, Hackathon",Online
U1813,"Digital Forensics, Cryptography, Network Security, Problem Solving, Python","Cybersecurity, Network Security, Digital Forensics, Data Analytics",Workshop,Online
U1814,"Node.js, TypeScript, API Development, Technical Writing, Backend Development","Open Source, App Development, Web Development","Workshop, Project Exhibition",Offline
U1815,"Leadership, Public Speaking, Business Strategy","Product Management, Startups, Marketing, Entrepreneurship",Conference,Online
U1816,"React, Backend Development, Digital Forensics, JavaScript","Backend Development, Web Development, App Development, Network Security",Competition,Both
U1817,"Docker, Python, DevOps, Cloud Computing, Digital Electronics, Project Management","Generative AI, Software Engineering, PCB Design, Internet of Things",Webinar,Offline
U1818,"Network Security, Linux, Cloud Computing, Kubernetes, Docker, Problem Solving","Cyber Defense, Software Engineering, DevOps",Workshop,Both
U1819,"Cybersecurity, Ethical Hacking, Problem Solving, Network Security","Cybersecurity, Digital Forensics, Ethical Hacking, Cloud Architecture",Bootcamp,Both
U1820,"Arduino, PCB Design, Electronics, Embedded Systems","Microcontrollers, PCB Design, Electronics","Project Exhibition, Hackathon",Both
U1821,"HTML/CSS, Problem Solving, Node.js, Web Development, React, Embedded Systems, Sensors","Backend Development, Data Analytics, Machine Learning, Web Development",Workshop,Online
U1822,"Problem Solving, Ethical Hacking, Linux, Cybersecurity, Teamwork","Cyber Defense, Network Security, Ethical Hacking, Digital Forensics","Workshop, Conference",Both
U1823,"Machine Learning, SQL, Data Analytics","Generative AI, Data Analytics, Data Science, DevOps",Bootcamp,Both
U1824,"ESP32, PCB Design, Animation","Automation, Animation, Product Design","Competition, Conference",Both
U1825,"DevOps, Data Science, SQL, Problem Solving, Communication","Machine Learning, DevOps, Cloud Computing, Artificial Intelligence",Workshop,Both
U1826,"UI/UX Design, Communication, 3D Design, Cybersecurity, Python","UI/UX, Product Design, Graphic Design","Workshop, Project Exhibition",Online
U1827,"Communication, Software Development, Problem Solving, API Development","Animation, Backend Development, Open Source, Frontend Development",Conference,Both
U1828,"Communication, Cryptography, Sensors, Problem Solving, Embedded Systems, Computer Vision","Generative AI, Internet of Things, Artificial Intelligence, Autonomous Systems",Project Exhibition,Offline
U1829,"ESP32, Electronics, VLSI, Technical Writing, Embedded Systems, Digital Electronics","Electronics, Digital Electronics, Embedded Systems, Network Security, Ethical Hacking",Project Exhibition,Offline
U1830,"Web Development, Problem Solving, Software Development, SQL","DevOps, App Development, Artificial Intelligence, Microcontrollers, Frontend Development",Workshop,Offline
U1831,"Docker, CAD, UI/UX Design, Communication","Software Engineering, Cloud Computing, Product Design",Bootcamp,Online
U1832,"Cryptography, Linux, Network Security","Digital Forensics, Network Security, Ethical Hacking, Electronics",Workshop,Both
U1833,"React, Python, Cybersecurity, Problem Solving","Cyber Defense, Ethical Hacking, Cloud Computing, Data Analytics",Workshop,Both
U1834,"Actuators, Technical Writing, Drone Technology","Autonomous Systems, Robotics, Drones","Hackathon, Competition",Online
U1835,"Software Development, Data Science, Problem Solving, Computer Vision","DevOps, Artificial Intelligence, NLP, Software Engineering","Hackathon, Tech Talk",Both
U1836,"PCB Design, VLSI, Microcontrollers, Circuit Design, Embedded Systems","Embedded Systems, Digital Electronics, VLSI, Electronics",Seminar,Both
U1837,"AWS, Docker, Kubernetes, Linux, Cloud Computing, Azure","Software Engineering, Cloud Architecture, Cloud Computing, DevOps",Tech Talk,Both
U1838,"Frontend Development, Leadership, Deep Learning, Kubernetes","Computer Vision, Frontend Development, Cloud Architecture, Backend Development","Hackathon, Competition",Online
U1839,"Arduino, Embedded Systems, Electronics, Digital Electronics","Microcontrollers, Digital Electronics, Embedded Systems, Internet of Things",Seminar,Offline
U1840,"Leadership, Product Management, Innovation, Network Security","Product Management, Startups, Innovation, Generative AI, Computer Vision","Seminar, Hackathon",Offline
U1841,"Innovation, Product Management, Marketing, Digital Marketing, Python","Public Speaking, Data Analytics, Entrepreneurship",Tech Talk,Offline
U1842,"Embedded Systems, Animation, Actuators, UI/UX Design, Video Editing","Drones, Animation, 3D Design, Product Design, UI/UX","Competition, Conference",Both
U1843,"Backend Development, API Development, Web Development, Problem Solving, SQL","Open Source, Web Development, Software Engineering",Bootcamp,Both
U1844,"Problem Solving, Cryptography, Cybersecurity, Computer Vision","Digital Forensics, Artificial Intelligence, Network Security, Generative AI",Competition,Online
U1845,"Problem Solving, Natural Language Processing, Ethical Hacking, Deep Learning, Computer Vision","Data Analytics, Computer Vision, Network Security","Competition, Project Exhibition",Both
U1846,"Leadership, Raspberry Pi, Drone Technology, Internet of Things","Smart Devices, Autonomous Systems, Automation, Drones",Competition,Both
U1847,"Web Development, TypeScript, HTML/CSS, Azure, DevOps","Web Development, Open Source, DevOps, NLP",Competition,Online
U1848,"VLSI, Microcontrollers, Circuit Design, ESP32, Electronics","Microcontrollers, Embedded Systems, VLSI, Digital Electronics",Project Exhibition,Offline
U1849,"Azure, Docker, AWS, DevOps, Sensors, Arduino","Software Engineering, Cloud Computing, DevOps, Cloud Architecture","Tech Talk, Bootcamp",Both
U1850,"DevOps, Content Creation, Node.js","Product Management, Open Source, Frontend Development, Cloud Computing",Career Fair,Online
U1851,"PCB Design, Ethical Hacking, Video Editing, UI/UX Design","Microcontrollers, VLSI, PCB Design, 3D Design, UI/UX","Bootcamp, Project Exhibition",Both
U1852,"Leadership, Product Management, Teamwork, Public Speaking","Innovation, Public Speaking, Product Management, Robotics","Career Fair, Tech Talk",Offline
U1853,"Embedded Systems, Video Editing, Robotics, Communication","Smart Devices, Product Design, Autonomous Systems, Robotics","Workshop, Project Exhibition",Both
U1854,"Data Analytics, Computer Vision, Python, Generative AI, Problem Solving","Data Science, Generative AI, Data Analytics",Hackathon,Both
U1855,"Backend Development, Software Development, Frontend Development, Node.js","Backend Development, App Development, Software Engineering",Bootcamp,Both
U1856,"Network Security, Ethical Hacking, Cybersecurity, Cryptography","Network Security, Digital Forensics, Cybersecurity","Conference, Hackathon",Offline
U1857,"AWS, Docker, Azure, Problem Solving","Cloud Computing, Software Engineering, DevOps, Cloud Architecture","Bootcamp, Workshop",Both
U1858,"AWS, DevOps, Software Development, Animation, Graphic Design","Cloud Architecture, DevOps, Software Engineering, Ethical Hacking","Tech Talk, Competition",Both
U1859,"Deep Learning, Network Security, SQL, Data Analytics, Linux","Data Science, Generative AI, NLP","Seminar, Bootcamp",Offline
U1860,"Cryptography, Network Security, Linux, Problem Solving","Digital Forensics, Network Security, Ethical Hacking, Microcontrollers",Workshop,Online
U1861,"Python, SQL, Deep Learning, Raspberry Pi, Natural Language Processing","Internet of Things, Generative AI, Computer Vision",Project Exhibition,Online
U1862,"Python, Generative AI, Teamwork","Data Science, Innovation, Computer Vision",Seminar,Offline
U1863,"Public Speaking, Teamwork, Digital Marketing, Leadership, Communication","Product Management, Leadership, Marketing",Conference,Both
U1864,"Internet of Things, Drone Technology, Robot Programming, Automation","Smart Devices, Autonomous Systems, Internet of Things","Competition, Hackathon",Both
U1865,"Robotics, Automation, Arduino, Raspberry Pi","Robotics, Smart Devices, Autonomous Systems","Hackathon, Workshop",Online
U1866,"Data Analytics, Python, SQL, Software Development, Deep Learning","Artificial Intelligence, Data Analytics, Computer Vision",Hackathon,Both
U1867,"Natural Language Processing, Generative AI, Data Science, SQL","Data Analytics, Generative AI, Data Science, Computer Vision","Hackathon, Seminar",Online
U1868,"Electronics, Problem Solving, Microcontrollers, VLSI, Embedded Systems, Arduino","Internet of Things, VLSI, PCB Design","Workshop, Seminar",Both
U1869,"Cybersecurity, HTML/CSS, Video Editing","Software Engineering, Ethical Hacking, Graphic Design, Product Design",Workshop,Offline
U1870,"Cybersecurity, Problem Solving, Linux, Ethical Hacking","Network Security, Digital Forensics, Cyber Defense, Ethical Hacking","Conference, Workshop",Both
U1871,"Azure, Kubernetes, Software Development, Problem Solving, DevOps","Software Engineering, DevOps, Cloud Computing",Tech Talk,Offline
U1872,"Docker, Azure, Communication, AWS, DevOps","Software Engineering, DevOps, Cloud Computing, Cloud Architecture, Digital Forensics",Webinar,Offline
U1873,"Public Speaking, Content Creation, UI/UX Design, Business Strategy, Innovation","3D Design, Graphic Design, Startups, Leadership, Animation",Bootcamp,Online
U1874,"Linux, AWS, Cloud Computing, Network Security, Deep Learning","Software Engineering, Cloud Architecture, Cloud Computing",Webinar,Both
U1875,"Azure, Software Development, Kubernetes, AWS, Data Analytics","Cloud Architecture, Software Engineering, Cloud Computing, DevOps","Conference, Bootcamp",Offline
U1876,"Raspberry Pi, Sensors, Project Management, Robotics, Marketing","Internet of Things, Startups, Robotics",Competition,Offline
U1877,"TypeScript, SQL, HTML/CSS, Backend Development","Backend Development, Web Development, Frontend Development",Project Exhibition,Both
U1878,"Animation, Communication, Linux, CAD","Graphic Design, Animation, Cybersecurity, Digital Forensics",Workshop,Online
U1879,"CAD, Graphic Design, Communication, UI/UX Design, Frontend Development, HTML/CSS","Animation, 3D Design, Product Design, Frontend Development",Bootcamp,Online
U1880,"Internet of Things, TypeScript, Raspberry Pi, Product Management, Robotics","Robotics, Smart Devices, Public Speaking, Internet of Things",Competition,Offline
U1881,"Cybersecurity, Ethical Hacking, HTML/CSS, React, JavaScript","App Development, Digital Forensics, Software Engineering, Cybersecurity","Project Exhibition, Bootcamp",Offline
U1882,"Problem Solving, Sensors, Automation, Robot Programming, Python","Artificial Intelligence, Data Analytics, Automation","Workshop, Tech Talk",Both
U1883,"Digital Forensics, Linux, Network Security, Python","Ethical Hacking, Cyber Defense, Digital Forensics",Hackathon,Both
U1884,"PCB Design, Problem Solving, Python, Digital Forensics, Digital Electronics","Digital Forensics, Network Security, VLSI, Ethical Hacking",Bootcamp,Both
U1885,"Ethical Hacking, Digital Forensics, Python","Cybersecurity, Ethical Hacking, Digital Forensics, Cyber Defense",Workshop,Offline
U1886,"API Development, Leadership, Teamwork","Innovation, Backend Development, Startups, Public Speaking","Workshop, Seminar",Online
U1887,"Cybersecurity, Communication, Python, Network Security, Animation","Product Design, Cyber Defense, Ethical Hacking",Project Exhibition,Both
U1888,"Network Security, Cryptography, Linux, Problem Solving","Digital Electronics, Internet of Things, Digital Forensics",Competition,Both
U1889,"Web Development, Frontend Development, HTML/CSS, React, Python, Problem Solving","Backend Development, App Development, Frontend Development, Open Source","Hackathon, Workshop",Offline
U1890,"Internet of Things, Raspberry Pi, Embedded Systems","Drones, Microcontrollers, Electronics, Smart Devices",Project Exhibition,Offline
U1891,"Node.js, Communication, SQL, API Development","Open Source, Software Engineering, Backend Development, Robotics, Artificial Intelligence, Data Science",Competition,Both
U1892,"Video Editing, Graphic Design, Communication, UI/UX Design, Animation, Robot Programming","Animation, 3D Design, UI/UX","Bootcamp, Project Exhibition",Offline
U1893,"3D Design, Video Editing, Animation, Backend Development, JavaScript","UI/UX, Product Design, Graphic Design, Backend Development, Web Development","Project Exhibition, Conference",Both
U1894,"Leadership, Product Management, Teamwork, Public Speaking, Business Strategy","Entrepreneurship, Innovation, Marketing, Startups","Workshop, Career Fair",Both
U1895,"App Development, SQL, Communication, API Development, Node.js","Open Source, Software Engineering, Backend Development, Cloud Computing, DevOps","Competition, Bootcamp",Offline
U1896,"Microcontrollers, Actuators, VLSI","Electronics, Microcontrollers, Drones","Competition, Project Exhibition",Offline
U1897,"Communication, Electronics, Animation, 3D Design, UI/UX Design","UI/UX, Product Design, Graphic Design",Seminar,Offline
U1898,"Generative AI, Software Development, Data Analytics, Problem Solving, Kubernetes, Digital Forensics","Software Engineering, Cybersecurity, Artificial Intelligence, Cyber Defense",Competition,Offline
U1899,"Data Analytics, Azure, Communication","Cloud Computing, NLP, DevOps, Generative AI, Backend Development",Hackathon,Offline
U1900,"Internet of Things, Sensors, Embedded Systems, Arduino","Smart Devices, Drones, Internet of Things, Backend Development","Workshop, Competition",Offline
U1901,"React, SQL, App Development, Technical Writing","App Development, Backend Development, Web Development",Hackathon,Offline
U1902,"Teamwork, App Development, React","Software Engineering, App Development, Data Science, Smart Devices","Project Exhibition, Competition",Online
U1903,"React, Frontend Development, Leadership, Software Development","Software Engineering, Backend Development, Frontend Development, Web Development",Hackathon,Offline
U1904,"Embedded Systems, ESP32, PCB Design, VLSI, Digital Electronics","Microcontrollers, VLSI, Embedded Systems",Project Exhibition,Online
U1905,"Python, Generative AI, UI/UX Design, Technical Writing, Video Editing, Natural Language Processing","Animation, Artificial Intelligence, 3D Design",Bootcamp,Both
U1906,"Teamwork, JavaScript, Electronics","Internet of Things, Open Source, Frontend Development, Electronics, Public Speaking","Seminar, Workshop",Online
U1907,"Circuit Design, VLSI, ESP32","Microcontrollers, Electronics, VLSI, Internet of Things",Hackathon,Both
U1908,"Digital Forensics, Innovation, Cryptography, Linux, Teamwork","Internet of Things, Digital Forensics, Cybersecurity","Webinar, Competition",Offline
U1909,"Electronics, Circuit Design, Ethical Hacking, PCB Design","Microcontrollers, PCB Design, Digital Forensics",Bootcamp,Both
U1910,"SQL, Computer Vision, Deep Learning, Marketing, Communication","NLP, Data Analytics, Product Management, Computer Vision",Conference,Both
U1911,"Business Strategy, Project Management, Product Management, Digital Electronics, Electronics","Innovation, Startups, Product Management, Drones",Career Fair,Both
U1912,"Web Development, JavaScript, Drone Technology, Node.js, Automation","Frontend Development, Smart Devices, Leadership",Hackathon,Offline
U1913,"Arduino, Problem Solving, Automation, Robotics, Raspberry Pi","Graphic Design, Autonomous Systems, Automation, UI/UX","Project Exhibition, Workshop",Offline
U1914,"Frontend Development, Node.js, SQL, Marketing","Public Speaking, Web Development, Backend Development",Project Exhibition,Both
U1915,"Frontend Development, Software Development, Node.js, HTML/CSS, Backend Development","App Development, Backend Development, Software Engineering, Entrepreneurship","Project Exhibition, Bootcamp",Offline
U1916,"Automation, Sensors, Robot Programming, Internet of Things","Automation, Smart Devices, Autonomous Systems","Project Exhibition, Workshop",Offline
U1917,"ESP32, Embedded Systems, Circuit Design, PCB Design, Innovation","VLSI, Internet of Things, Digital Electronics, PCB Design","Hackathon, Bootcamp",Online
U1918,"Microcontrollers, Embedded Systems, Internet of Things","Autonomous Systems, Robotics, VLSI, Digital Electronics","Competition, Hackathon",Both
U1919,"Cybersecurity, Ethical Hacking, Python, Teamwork, Internet of Things","Cyber Defense, Network Security, Digital Forensics","Conference, Workshop",Both
U1920,"Backend Development, Frontend Development, SQL, HTML/CSS, Digital Forensics","Frontend Development, App Development, Open Source","Bootcamp, Workshop",Both
U1921,"Ethical Hacking, Cryptography, Network Security, Docker","Cybersecurity, Network Security, Ethical Hacking, Robotics","Seminar, Workshop",Both
U1922,"CAD, Animation, 3D Design","3D Design, Graphic Design, Animation, Product Design",Project Exhibition,Online
U1923,"Problem Solving, Computer Vision, Generative AI","Data Analytics, Machine Learning, Cloud Computing, DevOps",Bootcamp,Both
U1924,"Problem Solving, Digital Forensics, Linux, Network Security, Cryptography","Network Security, Cybersecurity, Cyber Defense, Product Design","Conference, Competition",Both
U1925,"Problem Solving, Natural Language Processing, Raspberry Pi, Generative AI","Robotics, Data Science, Data Analytics","Project Exhibition, Conference",Both
U1926,"Public Speaking, Teamwork, Product Management, Leadership","Innovation, Product Management, Public Speaking",Career Fair,Both
U1927,"Public Speaking, Project Management, Entrepreneurship, Python, Generative AI, Machine Learning","Entrepreneurship, Startups, Public Speaking","Webinar, Project Exhibition",Both
U1928,"Project Management, Ethical Hacking, Python, Digital Forensics, Entrepreneurship","Network Security, Marketing, Ethical Hacking, Public Speaking, Leadership",Competition,Online
U1929,"Cryptography, Robot Programming, Internet of Things, Network Security","Ethical Hacking, Machine Learning, Digital Forensics, Autonomous Systems, Robotics","Competition, Project Exhibition",Both
U1930,"CAD, Communication, Video Editing, Graphic Design","Graphic Design, Animation, Product Design",Project Exhibition,Both
U1931,"CAD, Content Creation, Animation","UI/UX, Graphic Design, Animation","Project Exhibition, Workshop",Both
U1932,"Azure, AWS, Communication","Cloud Architecture, DevOps, Software Engineering, Cloud Computing",Webinar,Both
U1933,"Animation, Communication, UI/UX Design, Graphic Design","UI/UX, Animation, 3D Design, Internet of Things, Automation","Project Exhibition, Seminar",Both
U1934,"SQL, React, API Development, Digital Electronics, Technical Writing","Frontend Development, App Development, Backend Development, DevOps","Bootcamp, Project Exhibition",Offline
U1935,"Internet of Things, Arduino, Automation, Embedded Systems, Problem Solving","Drones, Automation, Smart Devices",Project Exhibition,Offline
U1936,"Linux, Innovation, Cryptography, Ethical Hacking, Teamwork, Cybersecurity","Cybersecurity, Ethical Hacking, Entrepreneurship, Marketing","Competition, Seminar",Online
U1937,"Content Creation, Graphic Design, UI/UX Design, Animation","Product Design, Animation, 3D Design, Automation","Conference, Competition",Online
U1938,"Problem Solving, Computer Vision, SQL, Generative AI, Machine Learning, 3D Design","Computer Vision, Data Science, Data Analytics, Graphic Design",Tech Talk,Online
U1939,"Ethical Hacking, Project Management, Network Security","Public Speaking, Cybersecurity, Leadership, Entrepreneurship","Career Fair, Conference",Both
U1940,"React, Natural Language Processing, Python, SQL, HTML/CSS","Frontend Development, Computer Vision, Generative AI",Conference,Both
U1941,"Problem Solving, Python, Linux, Kubernetes, Azure","Network Security, Digital Forensics, Ethical Hacking, Cyber Defense, Data Analytics","Bootcamp, Workshop",Both
U1942,"Problem Solving, Kubernetes, Software Development, UI/UX Design, Cloud Computing, Content Creation","Product Design, Drones, Automation, Cloud Computing",Webinar,Both
U1943,"SQL, Backend Development, JavaScript, Web Development","Backend Development, Open Source, Frontend Development, Internet of Things, VLSI","Bootcamp, Workshop",Offline
U1944,"Circuit Design, Natural Language Processing, Deep Learning, Microcontrollers","Drones, VLSI, Computer Vision, Robotics",Workshop,Both
U1945,"Drone Technology, Robotics, Embedded Systems, Actuators, Sensors","Automation, Drones, Autonomous Systems","Workshop, Hackathon",Both
U1946,"Computer Vision, Problem Solving, SQL, Data Analytics, Machine Learning","Data Science, Artificial Intelligence, NLP","Conference, Tech Talk",Both
U1947,"Arduino, Drone Technology, Automation","Drones, Internet of Things, Robotics, VLSI, Electronics",Workshop,Online
U1948,"Graphic Design, DevOps, AWS, CAD, Video Editing, Content Creation, Software Development","Product Design, Animation, DevOps",Workshop,Offline
U1949,"Problem Solving, Azure, SQL, Cloud Computing, Kubernetes, Automation","DevOps, Cloud Architecture, App Development, PCB Design, VLSI",Workshop,Online
U1950,"Video Editing, Digital Electronics, Problem Solving","Internet of Things, NLP, UI/UX, Embedded Systems, 3D Design","Conference, Project Exhibition",Both
U1951,"Teamwork, Project Management, Communication, Web Development","Backend Development, Public Speaking, Startups",Workshop,Online
U1952,"Business Strategy, Project Management, Product Management, 3D Design","Product Management, Innovation, Startups",Career Fair,Online
U1953,"Internet of Things, Network Security, Data Science, Cryptography, Robot Programming","Robotics, Machine Learning, Ethical Hacking",Project Exhibition,Online
U1954,"Arduino, Marketing, Entrepreneurship, Digital Marketing, Digital Electronics","Innovation, Microcontrollers, Cyber Defense",Webinar,Both
U1955,"Embedded Systems, Deep Learning, Data Science","Machine Learning, Data Analytics, Smart Devices, Robotics","Tech Talk, Competition",Offline
U1956,"Microcontrollers, PCB Design, Electronics, Arduino, Circuit Design","Internet of Things, VLSI, Digital Electronics","Seminar, Workshop",Offline
U1957,"Arduino, Circuit Design, Digital Electronics, PCB Design","Internet of Things, Embedded Systems, Digital Electronics","Seminar, Competition",Both
U1958,"Machine Learning, SQL, Data Analytics, Data Science","Cloud Computing, Data Science, Machine Learning, Data Analytics","Workshop, Bootcamp",Offline
U1959,"Python, Robot Programming, Generative AI, Sensors, Arduino","Drones, Data Science, NLP","Bootcamp, Webinar",Offline
U1960,"Teamwork, Frontend Development, HTML/CSS, SQL, Leadership, Public Speaking","Web Development, Entrepreneurship, Leadership","Bootcamp, Career Fair",Offline
U1961,"Machine Learning, SQL, Computer Vision, Problem Solving","NLP, Data Analytics, Data Science",Tech Talk,Both
U1962,"Cybersecurity, App Development, AWS, HTML/CSS, Cryptography, Docker","Network Security, Software Engineering, Backend Development",Tech Talk,Offline
U1963,"Digital Electronics, VLSI, ESP32, Electronics","VLSI, Electronics, Microcontrollers, Internet of Things",Hackathon,Online
U1964,"Node.js, React, Marketing, Frontend Development, SQL, API Development","Frontend Development, Leadership, Public Speaking, Backend Development",Project Exhibition,Online
U1965,"Problem Solving, Teamwork, Video Editing","Generative AI, NLP, Graphic Design",Conference,Offline
U1966,"Drone Technology, Automation, Arduino, Python","Robotics, Autonomous Systems, Smart Devices, Frontend Development",Hackathon,Offline
U1967,"Technical Writing, Robotics, Actuators, Raspberry Pi, Embedded Systems","Drones, Smart Devices, Automation","Competition, Project Exhibition",Both
U1968,"Problem Solving, Python, Linux, Drone Technology, Embedded Systems","Digital Forensics, Cyber Defense, Network Security, Ethical Hacking",Workshop,Both
U1969,"Deep Learning, Problem Solving, Data Science, Computer Vision, Machine Learning","Data Science, Artificial Intelligence, Data Analytics, Machine Learning",Tech Talk,Both
U1970,"Python, Communication, Computer Vision, Problem Solving, Automation, Arduino","Generative AI, Computer Vision, Machine Learning, NLP",Conference,Offline
U1971,"Problem Solving, Linux, Communication, Ethical Hacking","Cybersecurity, Internet of Things, Network Security, Cyber Defense",Competition,Online
U1972,"Automation, Raspberry Pi, Robotics, Internet of Things, Communication","Robotics, Autonomous Systems, Smart Devices, Backend Development",Hackathon,Online
U1973,"Product Management, Teamwork, Entrepreneurship, Business Strategy, Digital Marketing","Startups, Product Management, Entrepreneurship, Autonomous Systems","Conference, Seminar",Offline
U1974,"HTML/CSS, Node.js, TypeScript, Software Development, Teamwork","Backend Development, Frontend Development, Open Source",Competition,Both
U1975,"Business Strategy, Product Management, Communication, Public Speaking, Electronics, Digital Forensics","Leadership, Startups, Product Design","Seminar, Webinar",Offline
U1976,"Backend Development, Frontend Development, API Development, SQL, Web Development","Web Development, Open Source, App Development, Frontend Development",Workshop,Both
U1977,"HTML/CSS, 3D Design, Content Creation","Frontend Development, Animation, Open Source, 3D Design",Bootcamp,Online
U1978,"HTML/CSS, Digital Electronics, Natural Language Processing, Python","Computer Vision, Digital Electronics, Generative AI",Bootcamp,Online
U1979,"PCB Design, VLSI, Digital Electronics, Electronics, Product Management","Embedded Systems, PCB Design, VLSI",Competition,Both
U1980,"CAD, Teamwork, Communication, AWS, Data Analytics, Natural Language Processing","Cloud Computing, Animation, 3D Design, Leadership",Bootcamp,Offline
U1981,"Digital Forensics, Python, 3D Design","Digital Forensics, Backend Development, Cyber Defense, Network Security, UI/UX",Hackathon,Offline
U1982,"App Development, HTML/CSS, Azure, DevOps","Cloud Architecture, Cloud Computing, Open Source, DevOps","Conference, Bootcamp",Offline
U1983,"Electronics, SQL, Software Development, Communication, PCB Design","Backend Development, Software Engineering, Internet of Things, Open Source",Competition,Both
U1984,"3D Design, UI/UX Design, Content Creation, Video Editing","UI/UX, 3D Design, App Development, Automation, Smart Devices",Hackathon,Offline
U1985,"Data Analytics, Problem Solving, Deep Learning, Data Science, Python","Generative AI, Data Science, Data Analytics",Workshop,Both
U1986,"Teamwork, Leadership, Entrepreneurship, Product Management","Marketing, Entrepreneurship, Innovation",Workshop,Online
U1987,"JavaScript, Backend Development, React, Public Speaking, Digital Marketing, 3D Design","Open Source, Backend Development, Web Development",Project Exhibition,Both
U1988,"Computer Vision, HTML/CSS, Automation, TypeScript, Leadership","Open Source, Robotics, Machine Learning, Backend Development",Tech Talk,Both
U1989,"Arduino, Robot Programming, Python, Sensors, Generative AI","Automation, Data Science, NLP, Drones",Bootcamp,Offline
U1990,"Ethical Hacking, VLSI, Digital Electronics, Cryptography","Embedded Systems, Network Security, Autonomous Systems","Workshop, Hackathon",Online
U1991,"Electronics, Embedded Systems, Microcontrollers, Circuit Design","Robotics, Microcontrollers, Electronics, VLSI, Embedded Systems",Workshop,Online
U1992,"Public Speaking, Project Management, Entrepreneurship, Machine Learning, Data Analytics","Public Speaking, Entrepreneurship, Startups, Product Design","Webinar, Tech Talk",Both
U1993,"Deep Learning, Problem Solving, SQL, Machine Learning, Data Analytics, Animation","Generative AI, Data Analytics, Data Science, Cyber Defense","Hackathon, Bootcamp",Both
U1994,"Linux, AWS, Cloud Computing, Problem Solving, Kubernetes","Cloud Computing, Software Engineering, Cloud Architecture, Data Science",Webinar,Online
U1995,"Data Science, Linux, Computer Vision","Digital Forensics, Generative AI, Artificial Intelligence",Workshop,Offline
U1996,"Project Management, Communication, Marketing, Innovation, Node.js","Marketing, Entrepreneurship, Leadership","Conference, Bootcamp",Both
U1997,"SQL, Product Management, Natural Language Processing","NLP, Generative AI, Leadership",Career Fair,Online
U1998,"Communication, Teamwork, Leadership, Linux, Web Development","Public Speaking, Software Engineering, Cloud Computing, Backend Development",Webinar,Offline
U1999,"Animation, Digital Electronics, 3D Design, AWS, Content Creation","DevOps, Animation, Microcontrollers, Graphic Design",Conference,Offline
U2000,"Docker, DevOps, AWS, Azure, Cloud Computing","Software Engineering, Cloud Architecture, DevOps, Cloud Computing",Conference,Both
